<?xml version="1.0" encoding="UTF-8"?><InteractionHistory Id="local-10" Version="1"><InteractionEvent Delta="null" EndDate="2014-10-06 22:06:41.809 CEST" Interest="378.017" Kind="propagation" Navigation="org.eclipse.mylyn.core.model.edges.containment" OriginId="org.eclipse.mylyn.core.model.interest.propagation" StartDate="2014-10-06 19:45:42.836 CEST" StructureHandle="" StructureKind="aspectj" NumEvents="380" CreationCount="1"/><InteractionEvent Delta="null" EndDate="2014-10-06 19:47:51.519 CEST" Interest="2.0" Kind="selection" Navigation="null" OriginId="org.eclipse.jdt.ui.CompilationUnitEditor" StartDate="2014-10-06 19:46:53.254 CEST" StructureHandle="=cloudDemo/src\/main\/java&amp;lt;hu.evosoft.parser{NetStatsParser.java#java.io.BufferedReader" StructureKind="java" NumEvents="2" CreationCount="13"/><InteractionEvent Delta="null" EndDate="2014-10-06 19:54:22.325 CEST" Interest="2.0" Kind="selection" Navigation="null" OriginId="org.eclipse.jdt.ui.CompilationUnitEditor" StartDate="2014-10-06 19:49:06.52 CEST" StructureHandle="=cloudDemo/src\/main\/java&amp;lt;hu.evosoft.parser{InvalidNetStatLineException.java[InvalidNetStatLineException^serialVersionUID" StructureKind="java" NumEvents="2" CreationCount="29"/><InteractionEvent Delta="null" EndDate="2014-10-06 19:49:08.532 CEST" Interest="1.0" Kind="edit" Navigation="null" OriginId="org.eclipse.jdt.ui.CompilationUnitEditor" StartDate="2014-10-06 19:49:08.532 CEST" StructureHandle="=cloudDemo/src\/main\/java&amp;lt;hu.evosoft.parser{InvalidNetStatLineException.java[InvalidNetStatLineException^serialVersionUID" StructureKind="java"/><InteractionEvent Delta="null" EndDate="2014-10-06 19:57:42.654 CEST" Interest="7.0" Kind="selection" Navigation="null" OriginId="org.eclipse.jdt.ui.CompilationUnitEditor" StartDate="2014-10-06 19:48:55.207 CEST" StructureHandle="=cloudDemo/src\/main\/java&amp;lt;hu.evosoft.parser{InvalidNetStatLineException.java[InvalidNetStatLineException" StructureKind="java" NumEvents="7" CreationCount="26"/><InteractionEvent Delta="null" EndDate="2014-10-06 19:57:43.206 CEST" Interest="8.0" Kind="edit" Navigation="null" OriginId="org.eclipse.jdt.ui.CompilationUnitEditor" StartDate="2014-10-06 19:49:04.363 CEST" StructureHandle="=cloudDemo/src\/main\/java&amp;lt;hu.evosoft.parser{InvalidNetStatLineException.java[InvalidNetStatLineException" StructureKind="java" NumEvents="8" CreationCount="26"/><InteractionEvent Delta="null" EndDate="2014-10-06 19:54:22.326 CEST" Interest="0.051" Kind="propagation" Navigation="org.eclipse.mylyn.core.model.edges.containment" OriginId="org.eclipse.mylyn.core.model.interest.propagation" StartDate="2014-10-06 19:54:22.326 CEST" StructureHandle="=cloudDemo/src\/main\/java&amp;lt;hu.evosoft.parser{InvalidNetStatLineException.java[InvalidNetStatLineException" StructureKind="aspectj"/><InteractionEvent Delta="null" EndDate="2014-10-06 22:06:02.607 CEST" Interest="14.0" Kind="selection" Navigation="null" OriginId="org.eclipse.jdt.ui.CompilationUnitEditor" StartDate="2014-10-06 19:45:59.97 CEST" StructureHandle="=cloudDemo/src\/main\/java&amp;lt;hu.evosoft.parser{NetStatsParser.java[NetStatsParser~getDestinationHost~\[QString;" StructureKind="java" NumEvents="14" CreationCount="6"/><InteractionEvent Delta="null" EndDate="2014-10-06 20:25:12.206 CEST" Interest="69.0" Kind="edit" Navigation="null" OriginId="org.eclipse.jdt.ui.CompilationUnitEditor" StartDate="2014-10-06 19:46:06.523 CEST" StructureHandle="=cloudDemo/src\/main\/java&amp;lt;hu.evosoft.parser{NetStatsParser.java[NetStatsParser~getDestinationHost~\[QString;" StructureKind="java" NumEvents="69" CreationCount="6"/><InteractionEvent Delta="null" EndDate="2014-10-06 22:06:41.795 CEST" Interest="69.99399" Kind="propagation" Navigation="org.eclipse.mylyn.core.model.edges.containment" OriginId="org.eclipse.mylyn.core.model.interest.propagation" StartDate="2014-10-06 19:45:53.971 CEST" StructureHandle="=cloudDemo/src\/main\/java&amp;lt;hu.evosoft.service" StructureKind="aspectj" NumEvents="97" CreationCount="2"/><InteractionEvent Delta="null" EndDate="2014-10-06 20:20:50.250 CEST" Interest="0.07700014" Kind="manipulation" Navigation="null" OriginId="org.eclipse.mylyn.core.model.interest.decay.correction" StartDate="2014-10-06 20:20:50.250 CEST" StructureHandle="/cloudDemo/src/main/java/hu/evosoft/service/CloudRabbitListener.java" StructureKind="resource"/><InteractionEvent Delta="null" EndDate="2014-10-06 22:06:41.808 CEST" Interest="107.0" Kind="propagation" Navigation="null" OriginId="org.eclipse.jdt.ui.CompilationUnitEditor" StartDate="2014-10-06 19:45:53.971 CEST" StructureHandle="/cloudDemo/src/main/java/hu/evosoft/service/CloudRabbitListener.java" StructureKind="resource" NumEvents="107" CreationCount="2"/><InteractionEvent Delta="null" EndDate="2014-10-06 19:45:42.835 CEST" Interest="1.0" Kind="selection" Navigation="null" OriginId="org.eclipse.jdt.ui.PackageExplorer" StartDate="2014-10-06 19:45:42.835 CEST" StructureHandle="=cloudDemo" StructureKind="java"/><InteractionEvent Delta="null" EndDate="2014-10-06 22:06:41.808 CEST" Interest="377.017" Kind="propagation" Navigation="org.eclipse.mylyn.core.model.edges.containment" OriginId="org.eclipse.mylyn.core.model.interest.propagation" StartDate="2014-10-06 19:45:53.971 CEST" StructureHandle="=cloudDemo" StructureKind="resource" NumEvents="379" CreationCount="1"/><InteractionEvent Delta="null" EndDate="2014-10-06 19:51:19.773 CEST" Interest="11.0" Kind="propagation" Navigation="org.eclipse.mylyn.core.model.edges.containment" OriginId="org.eclipse.mylyn.core.model.interest.propagation" StartDate="2014-10-06 19:50:53.461 CEST" StructureHandle="/NetStatsInputFormatter/src/hu" StructureKind="resource" NumEvents="11" CreationCount="55"/><InteractionEvent Delta="null" EndDate="2014-10-06 19:56:38.668 CEST" Interest="1.0" Kind="selection" Navigation="null" OriginId="org.eclipse.jdt.ui.CompilationUnitEditor" StartDate="2014-10-06 19:56:38.668 CEST" StructureHandle="=cloudDemo/src\/main\/java&amp;lt;hu.evosoft.parser{InvalidNetStatLineException.java[InvalidNetStatLineException~InvalidNetStatLineException~QThrowable;" StructureKind="java"/><InteractionEvent Delta="null" EndDate="2014-10-06 20:28:17.669 CEST" Interest="2.0" Kind="selection" Navigation="null" OriginId="org.eclipse.jdt.ui.CompilationUnitEditor" StartDate="2014-10-06 20:27:28.766 CEST" StructureHandle="=cloudDemo/src\/main\/java&amp;lt;hu.evosoft.service{CloudRedisService.java[CloudRedisService~addNetStatInfo~QLong;" StructureKind="java" NumEvents="2" CreationCount="298"/><InteractionEvent Delta="null" EndDate="2014-10-06 20:45:32.24 CEST" Interest="2.0" Kind="selection" Navigation="null" OriginId="org.eclipse.jdt.ui.CompilationUnitEditor" StartDate="2014-10-06 20:45:28.485 CEST" StructureHandle="=cloudDemo/src\/main\/java&amp;lt;hu.evosoft.parser{NetStatsParser.java[NetStatsParser^SPLITTER" StructureKind="java" NumEvents="2" CreationCount="346"/><InteractionEvent Delta="null" EndDate="2014-10-06 19:47:51.520 CEST" Interest="2.0" Kind="propagation" Navigation="org.eclipse.mylyn.core.model.edges.containment" OriginId="org.eclipse.mylyn.core.model.interest.propagation" StartDate="2014-10-06 19:46:53.254 CEST" StructureHandle="=cloudDemo/src\/main\/java&amp;lt;hu.evosoft.parser{NetStatsParser.java#" StructureKind="aspectj" NumEvents="2" CreationCount="13"/><InteractionEvent Delta="null" EndDate="2014-10-06 20:44:44.831 CEST" Interest="3.0" Kind="selection" Navigation="null" OriginId="org.eclipse.jdt.ui.CompilationUnitEditor" StartDate="2014-10-06 19:52:03.618 CEST" StructureHandle="=cloudDemo/src\/main\/java&amp;lt;hu.evosoft.parser{NetStatsParser.java[NetStatsParser" StructureKind="java" NumEvents="3" CreationCount="6"/><InteractionEvent Delta="null" EndDate="2014-10-06 20:25:12.206 CEST" Interest="59.3" Kind="propagation" Navigation="org.eclipse.mylyn.core.model.edges.containment" OriginId="org.eclipse.mylyn.core.model.interest.propagation" StartDate="2014-10-06 19:45:59.97 CEST" StructureHandle="=cloudDemo/src\/main\/java&amp;lt;hu.evosoft.parser{NetStatsParser.java[NetStatsParser" StructureKind="aspectj" NumEvents="81" CreationCount="6"/><InteractionEvent Delta="null" EndDate="2014-10-06 19:47:07.289 CEST" Interest="1.0" Kind="propagation" Navigation="org.eclipse.mylyn.core.model.edges.containment" OriginId="org.eclipse.mylyn.core.model.interest.propagation" StartDate="2014-10-06 19:47:07.289 CEST" StructureHandle="=cloudDemo/src\/main\/java&amp;lt;hu.evosoft.controller{ReadLogsController.java[ReadLogsController" StructureKind="aspectj"/><InteractionEvent Delta="null" EndDate="2014-10-06 19:51:19.773 CEST" Interest="11.0" Kind="propagation" Navigation="null" OriginId="org.eclipse.jdt.ui.CompilationUnitEditor" StartDate="2014-10-06 19:50:53.460 CEST" StructureHandle="/NetStatsInputFormatter/src/hu/evosoft/parser/Executer.java" StructureKind="resource" NumEvents="11" CreationCount="55"/><InteractionEvent Delta="null" EndDate="2014-10-06 20:44:52.972 CEST" Interest="1.0" Kind="selection" Navigation="null" OriginId="org.eclipse.jdt.ui.CompilationUnitEditor" StartDate="2014-10-06 20:44:52.972 CEST" StructureHandle="=cloudDemo/src\/main\/java&amp;lt;hu.evosoft.parser{NetStatsParser.java[NetStatsParser~convertToTenMinutesInterval~QTimestamp;" StructureKind="java"/><InteractionEvent Delta="null" EndDate="2014-10-06 20:45:18.817 CEST" Interest="1.0" Kind="edit" Navigation="null" OriginId="org.eclipse.jdt.ui.CompilationUnitEditor" StartDate="2014-10-06 20:45:18.817 CEST" StructureHandle="=cloudDemo/src\/main\/java&amp;lt;hu.evosoft.parser{NetStatsParser.java[NetStatsParser~convertToTenMinutesInterval~QTimestamp;" StructureKind="java"/><InteractionEvent Delta="null" EndDate="2014-10-06 22:06:41.809 CEST" Interest="379.0" Kind="propagation" Navigation="null" OriginId="org.eclipse.jdt.ui.CompilationUnitEditor" StartDate="2014-10-06 19:45:53.971 CEST" StructureHandle="/cloudDemo/src/main/java" StructureKind="resource" NumEvents="379" CreationCount="2"/><InteractionEvent Delta="null" EndDate="2014-10-06 22:06:41.809 CEST" Interest="379.0" Kind="propagation" Navigation="org.eclipse.mylyn.core.model.edges.containment" OriginId="org.eclipse.mylyn.core.model.interest.propagation" StartDate="2014-10-06 19:45:53.971 CEST" StructureHandle="/cloudDemo/src" StructureKind="resource" NumEvents="379" CreationCount="2"/><InteractionEvent Delta="null" EndDate="2014-10-06 19:51:19.773 CEST" Interest="11.0" Kind="propagation" Navigation="org.eclipse.mylyn.core.model.edges.containment" OriginId="org.eclipse.mylyn.core.model.interest.propagation" StartDate="2014-10-06 19:50:53.461 CEST" StructureHandle="/NetStatsInputFormatter/src/hu/evosoft/parser" StructureKind="resource" NumEvents="11" CreationCount="55"/><InteractionEvent Delta="null" EndDate="2014-10-06 19:50:59.276 CEST" Interest="1.0" Kind="selection" Navigation="null" OriginId="org.eclipse.jdt.ui.CompilationUnitEditor" StartDate="2014-10-06 19:50:59.276 CEST" StructureHandle="=NetStatsInputFormatter/src&amp;lt;hu.evosoft.parser{Executer.java[Executer~main~\[QString;" StructureKind="java"/><InteractionEvent Delta="null" EndDate="2014-10-06 19:51:19.773 CEST" Interest="8.0" Kind="edit" Navigation="null" OriginId="org.eclipse.jdt.ui.CompilationUnitEditor" StartDate="2014-10-06 19:51:02.222 CEST" StructureHandle="=NetStatsInputFormatter/src&amp;lt;hu.evosoft.parser{Executer.java[Executer~main~\[QString;" StructureKind="java" NumEvents="8" CreationCount="57"/><InteractionEvent Delta="null" EndDate="2014-10-06 19:47:42.522 CEST" Interest="3.0" Kind="propagation" Navigation="org.eclipse.mylyn.core.model.edges.containment" OriginId="org.eclipse.mylyn.core.model.interest.propagation" StartDate="2014-10-06 19:47:07.289 CEST" StructureHandle="/cloudDemo/src/main/java/hu/evosoft/controller" StructureKind="resource" NumEvents="3" CreationCount="14"/><InteractionEvent Delta="null" EndDate="2014-10-06 20:24:57.252 CEST" Interest="4.0" Kind="selection" Navigation="null" OriginId="org.eclipse.jdt.ui.CompilationUnitEditor" StartDate="2014-10-06 20:23:39.387 CEST" StructureHandle="=cloudDemo/src\/main\/java&amp;lt;hu.evosoft.parser{NetStatsParser.java[NetStatsParser~splitLine~QString;" StructureKind="java" NumEvents="4" CreationCount="246"/><InteractionEvent Delta="null" EndDate="2014-10-06 20:24:42.967 CEST" Interest="8.0" Kind="edit" Navigation="null" OriginId="org.eclipse.jdt.ui.CompilationUnitEditor" StartDate="2014-10-06 20:24:29.550 CEST" StructureHandle="=cloudDemo/src\/main\/java&amp;lt;hu.evosoft.parser{NetStatsParser.java[NetStatsParser~splitLine~QString;" StructureKind="java" NumEvents="8" CreationCount="246"/><InteractionEvent Delta="null" EndDate="2014-10-06 19:51:19.773 CEST" Interest="11.0" Kind="propagation" Navigation="org.eclipse.mylyn.core.model.edges.containment" OriginId="org.eclipse.mylyn.core.model.interest.propagation" StartDate="2014-10-06 19:50:53.461 CEST" StructureHandle="/NetStatsInputFormatter/src" StructureKind="resource" NumEvents="11" CreationCount="55"/><InteractionEvent Delta="null" EndDate="2014-10-06 19:56:31.495 CEST" Interest="1.0" Kind="selection" Navigation="null" OriginId="org.eclipse.jdt.ui.CompilationUnitEditor" StartDate="2014-10-06 19:56:31.495 CEST" StructureHandle="=cloudDemo/src\/main\/java&amp;lt;hu.evosoft.parser{InvalidNetStatLineException.java[InvalidNetStatLineException~FooException~QThrowable;" StructureKind="java"/><InteractionEvent Delta="null" EndDate="2014-10-06 22:06:02.608 CEST" Interest="245.0" Kind="propagation" Navigation="null" OriginId="org.eclipse.jdt.ui.CompilationUnitEditor" StartDate="2014-10-06 19:45:58.575 CEST" StructureHandle="/cloudDemo/src/main/java/hu/evosoft/parser" StructureKind="resource" NumEvents="245" CreationCount="5"/><InteractionEvent Delta="null" EndDate="2014-10-06 19:47:07.288 CEST" Interest="1.0" Kind="selection" Navigation="null" OriginId="org.eclipse.search.ui.views.SearchView" StartDate="2014-10-06 19:47:07.288 CEST" StructureHandle="=cloudDemo/src\/main\/java&amp;lt;hu.evosoft.controller{ReadLogsController.java[ReadLogsController~readLogContent~QMultipartFile;~QModelMap;" StructureKind="java"/><InteractionEvent Delta="null" EndDate="2014-10-06 22:06:02.104 CEST" Interest="16.0" Kind="selection" Navigation="null" OriginId="org.eclipse.jdt.ui.CompilationUnitEditor" StartDate="2014-10-06 19:45:58.575 CEST" StructureHandle="=cloudDemo/src\/main\/java&amp;lt;hu.evosoft.parser{NetStatsParser.java" StructureKind="java" NumEvents="16" CreationCount="5"/><InteractionEvent Delta="null" EndDate="2014-10-06 20:25:12.206 CEST" Interest="47.317" Kind="propagation" Navigation="org.eclipse.mylyn.core.model.edges.containment" OriginId="org.eclipse.mylyn.core.model.interest.propagation" StartDate="2014-10-06 19:45:59.97 CEST" StructureHandle="=cloudDemo/src\/main\/java&amp;lt;hu.evosoft.parser{NetStatsParser.java" StructureKind="aspectj" NumEvents="72" CreationCount="5"/><InteractionEvent Delta="null" EndDate="2014-10-06 19:46:37.544 CEST" Interest="1.0" Kind="selection" Navigation="null" OriginId="org.eclipse.jdt.ui.CompilationUnitEditor" StartDate="2014-10-06 19:46:37.544 CEST" StructureHandle="=cloudDemo/src\/main\/java&amp;lt;hu.evosoft.parser{NetStatsParser.java[NetStatsParser~isValidDateFormat~QString;" StructureKind="java"/><InteractionEvent Delta="null" EndDate="2014-10-06 22:06:41.795 CEST" Interest="69.99399" Kind="propagation" Navigation="org.eclipse.mylyn.core.model.edges.containment" OriginId="org.eclipse.mylyn.core.model.interest.propagation" StartDate="2014-10-06 19:45:53.972 CEST" StructureHandle="=cloudDemo/src\/main\/java" StructureKind="aspectj" NumEvents="109" CreationCount="2"/><InteractionEvent Delta="null" EndDate="2014-10-06 22:06:13.369 CEST" Interest="24.0" Kind="propagation" Navigation="null" OriginId="org.eclipse.jdt.ui.CompilationUnitEditor" StartDate="2014-10-06 20:26:50.288 CEST" StructureHandle="/cloudDemo/src/main/java/hu/evosoft/service/CloudRedisService.java" StructureKind="resource" NumEvents="24" CreationCount="290"/><InteractionEvent Delta="null" EndDate="2014-10-06 19:56:39.312 CEST" Interest="2.0" Kind="selection" Navigation="null" OriginId="org.eclipse.jdt.ui.CompilationUnitEditor" StartDate="2014-10-06 19:54:38.408 CEST" StructureHandle="=cloudDemo/src\/main\/java&amp;lt;hu.evosoft.parser{InvalidNetStatLineException.java[InvalidNetStatLineException~InvalidNetStatLineException" StructureKind="java" NumEvents="2" CreationCount="112"/><InteractionEvent Delta="null" EndDate="2014-10-06 19:54:42.198 CEST" Interest="2.0" Kind="edit" Navigation="null" OriginId="org.eclipse.jdt.ui.CompilationUnitEditor" StartDate="2014-10-06 19:54:40.250 CEST" StructureHandle="=cloudDemo/src\/main\/java&amp;lt;hu.evosoft.parser{InvalidNetStatLineException.java[InvalidNetStatLineException~InvalidNetStatLineException" StructureKind="java" NumEvents="2" CreationCount="112"/><InteractionEvent Delta="null" EndDate="2014-10-06 22:06:41.808 CEST" Interest="131.077" Kind="propagation" Navigation="null" OriginId="org.eclipse.jdt.ui.CompilationUnitEditor" StartDate="2014-10-06 19:45:53.971 CEST" StructureHandle="/cloudDemo/src/main/java/hu/evosoft/service" StructureKind="resource" NumEvents="131" CreationCount="2"/><InteractionEvent Delta="null" EndDate="2014-10-06 22:06:41.809 CEST" Interest="381.0" Kind="propagation" Navigation="org.eclipse.mylyn.core.model.edges.containment" OriginId="org.eclipse.mylyn.core.model.interest.propagation" StartDate="2014-10-06 19:45:42.835 CEST" StructureHandle="/" StructureKind="resource" NumEvents="381" CreationCount="1"/><InteractionEvent Delta="null" EndDate="2014-10-06 19:51:19.773 CEST" Interest="11.0" Kind="propagation" Navigation="org.eclipse.mylyn.core.model.edges.containment" OriginId="org.eclipse.mylyn.core.model.interest.propagation" StartDate="2014-10-06 19:50:53.461 CEST" StructureHandle="/NetStatsInputFormatter/src/hu/evosoft" StructureKind="resource" NumEvents="11" CreationCount="55"/><InteractionEvent Delta="null" EndDate="2014-10-06 19:51:19.773 CEST" Interest="6.6" Kind="propagation" Navigation="org.eclipse.mylyn.core.model.edges.containment" OriginId="org.eclipse.mylyn.core.model.interest.propagation" StartDate="2014-10-06 19:50:59.276 CEST" StructureHandle="=NetStatsInputFormatter/src&amp;lt;hu.evosoft.parser{Executer.java[Executer" StructureKind="aspectj" NumEvents="9" CreationCount="57"/><InteractionEvent Delta="null" EndDate="2014-10-06 22:06:02.66 CEST" Interest="12.0" Kind="selection" Navigation="null" OriginId="org.eclipse.jdt.ui.CompilationUnitEditor" StartDate="2014-10-06 19:49:42.133 CEST" StructureHandle="=cloudDemo/src\/main\/java&amp;lt;hu.evosoft.parser{NetStatsParser.java[NetStatsParser~getTimeStamp~\[QString;" StructureKind="java" NumEvents="12" CreationCount="43"/><InteractionEvent Delta="null" EndDate="2014-10-06 20:48:22.919 CEST" Interest="62.0" Kind="edit" Navigation="null" OriginId="org.eclipse.jdt.ui.CompilationUnitEditor" StartDate="2014-10-06 19:49:44.48 CEST" StructureHandle="=cloudDemo/src\/main\/java&amp;lt;hu.evosoft.parser{NetStatsParser.java[NetStatsParser~getTimeStamp~\[QString;" StructureKind="java" NumEvents="62" CreationCount="43"/><InteractionEvent Delta="null" EndDate="2014-10-06 22:06:02.608 CEST" Interest="244.05101" Kind="propagation" Navigation="org.eclipse.mylyn.core.model.edges.containment" OriginId="org.eclipse.mylyn.core.model.interest.propagation" StartDate="2014-10-06 19:45:53.971 CEST" StructureHandle="/cloudDemo/src/main/java/hu/evosoft" StructureKind="resource" NumEvents="246" CreationCount="2"/><InteractionEvent Delta="null" EndDate="2014-10-06 22:06:12.819 CEST" Interest="5.0" Kind="selection" Navigation="null" OriginId="org.eclipse.jdt.ui.CompilationUnitEditor" StartDate="2014-10-06 20:27:26.953 CEST" StructureHandle="=cloudDemo/src\/main\/java&amp;lt;hu.evosoft.service{CloudRedisService.java[CloudRedisService~addNetStatInfo~QString;" StructureKind="java" NumEvents="5" CreationCount="297"/><InteractionEvent Delta="null" EndDate="2014-10-06 22:06:13.369 CEST" Interest="8.0" Kind="edit" Navigation="null" OriginId="org.eclipse.jdt.ui.CompilationUnitEditor" StartDate="2014-10-06 20:27:31.448 CEST" StructureHandle="=cloudDemo/src\/main\/java&amp;lt;hu.evosoft.service{CloudRedisService.java[CloudRedisService~addNetStatInfo~QString;" StructureKind="java" NumEvents="8" CreationCount="297"/><InteractionEvent Delta="null" EndDate="2014-10-06 22:06:41.795 CEST" Interest="16.0" Kind="selection" Navigation="null" OriginId="org.eclipse.jdt.ui.CompilationUnitEditor" StartDate="2014-10-06 19:45:53.971 CEST" StructureHandle="=cloudDemo/src\/main\/java&amp;lt;hu.evosoft.service{CloudRabbitListener.java" StructureKind="java" NumEvents="16" CreationCount="2"/><InteractionEvent Delta="null" EndDate="2014-10-06 20:20:50.250 CEST" Interest="1.0600002" Kind="manipulation" Navigation="null" OriginId="org.eclipse.mylyn.core.model.interest.decay.correction" StartDate="2014-10-06 20:20:50.250 CEST" StructureHandle="=cloudDemo/src\/main\/java&amp;lt;hu.evosoft.service{CloudRabbitListener.java" StructureKind="java"/><InteractionEvent Delta="null" EndDate="2014-10-06 22:06:25.35 CEST" Interest="52.93399" Kind="propagation" Navigation="org.eclipse.mylyn.core.model.edges.containment" OriginId="org.eclipse.mylyn.core.model.interest.propagation" StartDate="2014-10-06 20:20:55.126 CEST" StructureHandle="=cloudDemo/src\/main\/java&amp;lt;hu.evosoft.service{CloudRabbitListener.java" StructureKind="aspectj" NumEvents="76" CreationCount="2"/><InteractionEvent Delta="null" EndDate="2014-10-06 19:57:43.206 CEST" Interest="38.0" Kind="propagation" Navigation="null" OriginId="org.eclipse.jdt.ui.CompilationUnitEditor" StartDate="2014-10-06 19:48:50.136 CEST" StructureHandle="/cloudDemo/src/main/java/hu/evosoft/parser/InvalidNetStatLineException.java" StructureKind="resource" NumEvents="38" CreationCount="23"/><InteractionEvent Delta="null" EndDate="2014-10-06 22:06:02.608 CEST" Interest="205.0" Kind="propagation" Navigation="null" OriginId="org.eclipse.jdt.ui.CompilationUnitEditor" StartDate="2014-10-06 19:45:58.575 CEST" StructureHandle="/cloudDemo/src/main/java/hu/evosoft/parser/NetStatsParser.java" StructureKind="resource" NumEvents="205" CreationCount="5"/><InteractionEvent Delta="null" EndDate="2014-10-06 19:52:21.76 CEST" Interest="1.0" Kind="selection" Navigation="null" OriginId="org.eclipse.jdt.ui.ClassFileEditorNoSource" StartDate="2014-10-06 19:52:21.76 CEST" StructureHandle="=cloudDemo/C:\/Program Files\/Java\/jre1.8.0_20\/lib\/rt.jar&amp;lt;java.lang(Exception.class" StructureKind="java"/><InteractionEvent Delta="null" EndDate="2014-10-06 19:51:19.773 CEST" Interest="11.0" Kind="propagation" Navigation="org.eclipse.mylyn.core.model.edges.containment" OriginId="org.eclipse.mylyn.core.model.interest.propagation" StartDate="2014-10-06 19:50:53.461 CEST" StructureHandle="=NetStatsInputFormatter" StructureKind="resource" NumEvents="11" CreationCount="55"/><InteractionEvent Delta="null" EndDate="2014-10-06 19:51:19.773 CEST" Interest="6.634" Kind="propagation" Navigation="org.eclipse.mylyn.core.model.edges.containment" OriginId="org.eclipse.mylyn.core.model.interest.propagation" StartDate="2014-10-06 19:50:53.461 CEST" StructureHandle="=NetStatsInputFormatter/src" StructureKind="aspectj" NumEvents="9" CreationCount="55"/><InteractionEvent Delta="null" EndDate="2014-10-06 19:47:42.522 CEST" Interest="3.0" Kind="propagation" Navigation="org.eclipse.mylyn.core.model.edges.containment" OriginId="org.eclipse.mylyn.core.model.interest.propagation" StartDate="2014-10-06 19:47:07.289 CEST" StructureHandle="=cloudDemo/src\/main\/java&amp;lt;hu.evosoft.controller" StructureKind="aspectj" NumEvents="3" CreationCount="14"/><InteractionEvent Delta="null" EndDate="2014-10-06 19:47:42.522 CEST" Interest="3.0" Kind="propagation" Navigation="null" OriginId="org.eclipse.jdt.ui.CompilationUnitEditor" StartDate="2014-10-06 19:47:07.289 CEST" StructureHandle="/cloudDemo/src/main/java/hu/evosoft/controller/ReadLogsController.java" StructureKind="resource" NumEvents="3" CreationCount="14"/><InteractionEvent Delta="null" EndDate="2014-10-06 19:51:19.773 CEST" Interest="6.634" Kind="propagation" Navigation="org.eclipse.mylyn.core.model.edges.containment" OriginId="org.eclipse.mylyn.core.model.interest.propagation" StartDate="2014-10-06 19:50:53.461 CEST" StructureHandle="=NetStatsInputFormatter/src&amp;lt;hu.evosoft.parser" StructureKind="aspectj" NumEvents="9" CreationCount="55"/><InteractionEvent Delta="null" EndDate="2014-10-06 22:06:41.808 CEST" Interest="69.659996" Kind="propagation" Navigation="org.eclipse.mylyn.core.model.edges.containment" OriginId="org.eclipse.mylyn.core.model.interest.propagation" StartDate="2014-10-06 19:45:55.720 CEST" StructureHandle="=cloudDemo/src\/main\/java&amp;lt;hu.evosoft.service{CloudRabbitListener.java[CloudRabbitListener" StructureKind="aspectj" NumEvents="91" CreationCount="4"/><InteractionEvent Delta="null" EndDate="2014-10-06 19:52:21.78 CEST" Interest="1.0" Kind="propagation" Navigation="org.eclipse.mylyn.core.model.edges.containment" OriginId="org.eclipse.mylyn.core.model.interest.propagation" StartDate="2014-10-06 19:52:21.78 CEST" StructureHandle="=cloudDemo/C:\/Program Files\/Java\/jre1.8.0_20\/lib\/rt.jar&amp;lt;java.lang" StructureKind="aspectj"/><InteractionEvent Delta="null" EndDate="2014-10-06 20:27:18.904 CEST" Interest="1.0" Kind="selection" Navigation="null" OriginId="org.eclipse.jdt.ui.CompilationUnitEditor" StartDate="2014-10-06 20:27:18.904 CEST" StructureHandle="=cloudDemo/src\/main\/java&amp;lt;hu.evosoft.service{CloudRedisService.java[CloudRedisService~addNetStatInfo" StructureKind="java"/><InteractionEvent Delta="null" EndDate="2014-10-06 20:27:26.158 CEST" Interest="3.0" Kind="edit" Navigation="null" OriginId="org.eclipse.jdt.ui.CompilationUnitEditor" StartDate="2014-10-06 20:27:19.656 CEST" StructureHandle="=cloudDemo/src\/main\/java&amp;lt;hu.evosoft.service{CloudRedisService.java[CloudRedisService~addNetStatInfo" StructureKind="java" NumEvents="3" CreationCount="293"/><InteractionEvent Delta="null" EndDate="2014-10-06 19:47:42.522 CEST" Interest="2.0" Kind="selection" Navigation="null" OriginId="org.eclipse.jdt.ui.CompilationUnitEditor" StartDate="2014-10-06 19:47:42.388 CEST" StructureHandle="=cloudDemo/src\/main\/java&amp;lt;hu.evosoft.controller{ReadLogsController.java" StructureKind="java" NumEvents="2" CreationCount="14"/><InteractionEvent Delta="null" EndDate="2014-10-06 19:47:07.289 CEST" Interest="1.0" Kind="propagation" Navigation="org.eclipse.mylyn.core.model.edges.containment" OriginId="org.eclipse.mylyn.core.model.interest.propagation" StartDate="2014-10-06 19:47:07.289 CEST" StructureHandle="=cloudDemo/src\/main\/java&amp;lt;hu.evosoft.controller{ReadLogsController.java" StructureKind="aspectj"/><InteractionEvent Delta="null" EndDate="2014-10-06 19:53:09.666 CEST" Interest="3.0" Kind="selection" Navigation="null" OriginId="org.eclipse.jdt.ui.CompilationUnitEditor" StartDate="2014-10-06 19:47:52.75 CEST" StructureHandle="=cloudDemo/src\/main\/java&amp;lt;hu.evosoft.parser{NetStatsParser.java[NetStatsParser~isDateInMilisecond~QString;" StructureKind="java" NumEvents="3" CreationCount="19"/><InteractionEvent Delta="null" EndDate="2014-10-06 19:53:09.676 CEST" Interest="4.0" Kind="edit" Navigation="null" OriginId="org.eclipse.jdt.ui.CompilationUnitEditor" StartDate="2014-10-06 19:47:54.333 CEST" StructureHandle="=cloudDemo/src\/main\/java&amp;lt;hu.evosoft.parser{NetStatsParser.java[NetStatsParser~isDateInMilisecond~QString;" StructureKind="java" NumEvents="4" CreationCount="19"/><InteractionEvent Delta="null" EndDate="2014-10-06 22:06:13.369 CEST" Interest="10.702001" Kind="propagation" Navigation="org.eclipse.mylyn.core.model.edges.containment" OriginId="org.eclipse.mylyn.core.model.interest.propagation" StartDate="2014-10-06 20:26:50.809 CEST" StructureHandle="=cloudDemo/src\/main\/java&amp;lt;hu.evosoft.service{CloudRedisService.java[CloudRedisService" StructureKind="aspectj" NumEvents="15" CreationCount="291"/><InteractionEvent Delta="null" EndDate="2014-10-06 22:06:41.809 CEST" Interest="381.0" Kind="propagation" Navigation="null" OriginId="org.eclipse.jdt.ui.CompilationUnitEditor" StartDate="2014-10-06 19:45:42.835 CEST" StructureHandle="/cloudDemo" StructureKind="resource" NumEvents="381" CreationCount="1"/><InteractionEvent Delta="null" EndDate="2014-10-06 19:52:21.80 CEST" Interest="1.0" Kind="propagation" Navigation="org.eclipse.mylyn.core.model.edges.containment" OriginId="org.eclipse.mylyn.core.model.interest.propagation" StartDate="2014-10-06 19:52:21.80 CEST" StructureHandle="=cloudDemo/C:\/Program Files\/Java\/jre1.8.0_20\/lib\/rt.jar" StructureKind="aspectj"/><InteractionEvent Delta="null" EndDate="2014-10-06 19:57:42.692 CEST" Interest="4.0" Kind="selection" Navigation="null" OriginId="org.eclipse.jdt.ui.CompilationUnitEditor" StartDate="2014-10-06 19:48:50.205 CEST" StructureHandle="=cloudDemo/src\/main\/java&amp;lt;hu.evosoft.parser{InvalidNetStatLineException.java" StructureKind="java" NumEvents="4" CreationCount="23"/><InteractionEvent Delta="null" EndDate="2014-10-06 19:57:42.654 CEST" Interest="9.001999" Kind="propagation" Navigation="org.eclipse.mylyn.core.model.edges.containment" OriginId="org.eclipse.mylyn.core.model.interest.propagation" StartDate="2014-10-06 19:48:50.136 CEST" StructureHandle="=cloudDemo/src\/main\/java&amp;lt;hu.evosoft.parser{InvalidNetStatLineException.java" StructureKind="aspectj" NumEvents="12" CreationCount="23"/><InteractionEvent Delta="null" EndDate="2014-10-06 22:06:12.857 CEST" Interest="3.0" Kind="selection" Navigation="null" OriginId="org.eclipse.jdt.ui.CompilationUnitEditor" StartDate="2014-10-06 20:26:50.288 CEST" StructureHandle="=cloudDemo/src\/main\/java&amp;lt;hu.evosoft.service{CloudRedisService.java" StructureKind="java" NumEvents="3" CreationCount="290"/><InteractionEvent Delta="null" EndDate="2014-10-06 22:06:12.819 CEST" Interest="8.018999" Kind="propagation" Navigation="org.eclipse.mylyn.core.model.edges.containment" OriginId="org.eclipse.mylyn.core.model.interest.propagation" StartDate="2014-10-06 20:26:50.809 CEST" StructureHandle="=cloudDemo/src\/main\/java&amp;lt;hu.evosoft.service{CloudRedisService.java" StructureKind="aspectj" NumEvents="14" CreationCount="290"/><InteractionEvent Delta="null" EndDate="2014-10-06 22:06:02.608 CEST" Interest="244.05101" Kind="propagation" Navigation="org.eclipse.mylyn.core.model.edges.containment" OriginId="org.eclipse.mylyn.core.model.interest.propagation" StartDate="2014-10-06 19:45:53.971 CEST" StructureHandle="/cloudDemo/src/main/java/hu" StructureKind="resource" NumEvents="246" CreationCount="2"/><InteractionEvent Delta="null" EndDate="2014-10-06 22:06:41.809 CEST" Interest="379.0" Kind="propagation" Navigation="org.eclipse.mylyn.core.model.edges.containment" OriginId="org.eclipse.mylyn.core.model.interest.propagation" StartDate="2014-10-06 19:45:53.971 CEST" StructureHandle="/cloudDemo/src/main" StructureKind="resource" NumEvents="379" CreationCount="2"/><InteractionEvent Delta="null" EndDate="2014-10-06 20:45:32.726 CEST" Interest="2.0" Kind="selection" Navigation="null" OriginId="org.eclipse.jdt.ui.CompilationUnitEditor" StartDate="2014-10-06 20:45:29.497 CEST" StructureHandle="=cloudDemo/src\/main\/java&amp;lt;hu.evosoft.parser{NetStatsParser.java[NetStatsParser~replaceUnwantedSemicolonsWithComa~QString;" StructureKind="java" NumEvents="2" CreationCount="347"/><InteractionEvent Delta="null" EndDate="2014-10-06 19:48:16.848 CEST" Interest="2.0" Kind="selection" Navigation="null" OriginId="org.eclipse.jdt.ui.PackageExplorer" StartDate="2014-10-06 19:46:18.45 CEST" StructureHandle="=cloudDemo/src\/main\/java&amp;lt;hu.evosoft.parser" StructureKind="java" NumEvents="2" CreationCount="5"/><InteractionEvent Delta="null" EndDate="2014-10-06 22:06:02.105 CEST" Interest="61.317" Kind="propagation" Navigation="org.eclipse.mylyn.core.model.edges.containment" OriginId="org.eclipse.mylyn.core.model.interest.propagation" StartDate="2014-10-06 19:45:58.575 CEST" StructureHandle="=cloudDemo/src\/main\/java&amp;lt;hu.evosoft.parser" StructureKind="aspectj" NumEvents="89" CreationCount="5"/><InteractionEvent Delta="null" EndDate="2014-10-06 19:50:53.599 CEST" Interest="2.0" Kind="selection" Navigation="null" OriginId="org.eclipse.jdt.ui.CompilationUnitEditor" StartDate="2014-10-06 19:50:53.460 CEST" StructureHandle="=NetStatsInputFormatter/src&amp;lt;hu.evosoft.parser{Executer.java" StructureKind="java" NumEvents="2" CreationCount="55"/><InteractionEvent Delta="null" EndDate="2014-10-06 19:51:19.773 CEST" Interest="4.634" Kind="propagation" Navigation="org.eclipse.mylyn.core.model.edges.containment" OriginId="org.eclipse.mylyn.core.model.interest.propagation" StartDate="2014-10-06 19:51:09.245 CEST" StructureHandle="=NetStatsInputFormatter/src&amp;lt;hu.evosoft.parser{Executer.java" StructureKind="aspectj" NumEvents="7" CreationCount="55"/><InteractionEvent Delta="null" EndDate="2014-10-06 22:06:21.465 CEST" Interest="13.0" Kind="selection" Navigation="null" OriginId="org.eclipse.jdt.ui.CompilationUnitEditor" StartDate="2014-10-06 19:45:55.719 CEST" StructureHandle="=cloudDemo/src\/main\/java&amp;lt;hu.evosoft.service{CloudRabbitListener.java[CloudRabbitListener~listenForStrings~QString;" StructureKind="java" NumEvents="13" CreationCount="4"/><InteractionEvent Delta="null" EndDate="2014-10-06 20:20:50.398 CEST" Interest="2.0600002" Kind="manipulation" Navigation="null" OriginId="org.eclipse.mylyn.core.model.interest.decay.correction" StartDate="2014-10-06 20:20:50.398 CEST" StructureHandle="=cloudDemo/src\/main\/java&amp;lt;hu.evosoft.service{CloudRabbitListener.java[CloudRabbitListener~listenForStrings~QString;" StructureKind="java"/><InteractionEvent Delta="null" EndDate="2014-10-06 22:06:41.808 CEST" Interest="78.0" Kind="edit" Navigation="null" OriginId="org.eclipse.jdt.ui.CompilationUnitEditor" StartDate="2014-10-06 20:20:50.408 CEST" StructureHandle="=cloudDemo/src\/main\/java&amp;lt;hu.evosoft.service{CloudRabbitListener.java[CloudRabbitListener~listenForStrings~QString;" StructureKind="java" NumEvents="78" CreationCount="4"/></InteractionHistory>