<?xml version="1.0" encoding="UTF-8" standalone="no"?><TaskList Version="2.0"><Task Active="false" ConnectorKind="local" CreationDate="2014-10-02 21:55:47.860 +0200" DueDate="" EndDate="" Estimated="0" Handle="local-1" IssueURL="" Kind="task" Label="Logger with Log4J" LastModified="now" MarkReadPending="false" ModificationDate="" Notes="" NotifiedIncoming="true" Owner="local" Priority="P3" Reminded="false" RepositoryUrl="local" ScheduledEndDate="2014-10-04 23:59:59.999 +0200" ScheduledStartDate="2014-09-28 00:00:00.0 +0200" Stale="false" TaskId="1" offlineSyncState="SYNCHRONIZED"><SubTask Handle="local-2"/><SubTask Handle="local-3"/></Task><Task Active="false" ConnectorKind="local" CreationDate="2014-10-05 23:48:57.704 +0200" DueDate="" EndDate="" Estimated="0" Handle="local-12" Kind="task" Label="Create a local Mock environment to spead up the development" LastModified="now" MarkReadPending="false" ModificationDate="" Notes="Tomcat&#13;&#10;Mongo&#13;&#10;Redis&#13;&#10;Rabbit" NotifiedIncoming="true" Owner="local" Priority="P3" Reminded="false" RepositoryUrl="local" ScheduledEndDate="2014-10-11 23:59:59.999 +0200" ScheduledStartDate="2014-10-05 00:00:00.0 +0200" Stale="false" TaskId="12" offlineSyncState="SYNCHRONIZED"/><Task Active="false" ConnectorKind="local" CreationDate="2014-10-05 23:37:53.380 +0200" DueDate="" EndDate="" Estimated="0" Handle="local-11" Kind="task" Label="Add statistics to the controllers" LastModified="now" MarkReadPending="false" ModificationDate="" Notes="" NotifiedIncoming="true" Owner="local" Priority="P3" Reminded="false" RepositoryUrl="local" ScheduledEndDate="2014-10-11 23:59:59.999 +0200" ScheduledStartDate="2014-10-05 00:00:00.0 +0200" Stale="false" TaskId="11" offlineSyncState="SYNCHRONIZED"/><Task Active="false" ConnectorKind="local" CreationDate="2014-10-03 22:41:36.675 +0200" DueDate="" EndDate="" Estimated="0" Handle="local-10" IssueURL="" Kind="task" Label="Remove Simple data from project" LastModified="now" MarkReadPending="false" ModificationDate="" Notes="" NotifiedIncoming="true" Owner="local" Priority="P3" Reminded="false" RepositoryUrl="local" ScheduledEndDate="2014-10-04 23:59:59.999 +0200" ScheduledStartDate="2014-09-28 00:00:00.0 +0200" Stale="false" TaskId="10" offlineSyncState="SYNCHRONIZED"/><Task Active="false" ConnectorKind="local" CreationDate="2014-10-02 22:02:47.17 +0200" DueDate="" EndDate="" Estimated="0" Handle="local-5" IssueURL="" Kind="task" Label="Solve scale-up of the cloudDemo" LastModified="now" MarkReadPending="false" ModificationDate="" Notes="Currently there is an exception at the RabbitMQ (Chanell allready closed) when two instances are created on the Pivotal" NotifiedIncoming="true" Owner="local" Priority="P3" Reminded="false" RepositoryUrl="local" ScheduledEndDate="2014-10-04 23:59:59.999 +0200" ScheduledStartDate="2014-09-28 00:00:00.0 +0200" Stale="false" TaskId="5" offlineSyncState="SYNCHRONIZED"/><Task Active="false" ConnectorKind="local" CreationDate="2014-10-02 22:01:47.316 +0200" DueDate="" EndDate="" Estimated="0" Handle="local-4" IssueURL="" Kind="task" Label="Create tests" LastModified="now" MarkReadPending="false" ModificationDate="" Notes="" NotifiedIncoming="true" Owner="local" Priority="P3" Reminded="false" RepositoryUrl="local" ScheduledEndDate="2014-10-04 23:59:59.999 +0200" ScheduledStartDate="2014-09-28 00:00:00.0 +0200" Stale="false" TaskId="4" offlineSyncState="SYNCHRONIZED"/><Task Active="false" ConnectorKind="local" CreationDate="2014-10-02 21:59:25.605 +0200" DueDate="" EndDate="" Estimated="0" Handle="local-3" IssueURL="" Kind="task" Label="Log to RabbitMQ" LastModified="now" MarkReadPending="false" ModificationDate="" Notes="" NotifiedIncoming="true" Owner="local" Priority="P3" Reminded="false" RepositoryUrl="local" ScheduledEndDate="2014-10-04 23:59:59.999 +0200" ScheduledStartDate="2014-09-28 00:00:00.0 +0200" Stale="false" TaskId="3" offlineSyncState="SYNCHRONIZED"/><Task Active="false" ConnectorKind="local" CreationDate="2014-10-02 21:57:34.783 +0200" DueDate="" EndDate="" Estimated="0" Handle="local-2" IssueURL="" Kind="task" Label="Log to console" LastModified="now" MarkReadPending="false" ModificationDate="" Notes="" NotifiedIncoming="true" Owner="local" Priority="P3" Reminded="false" RepositoryUrl="local" ScheduledEndDate="2014-10-04 23:59:59.999 +0200" ScheduledStartDate="2014-09-28 00:00:00.0 +0200" Stale="false" TaskId="2" offlineSyncState="SYNCHRONIZED"/><Task Active="false" ConnectorKind="local" CreationDate="2014-10-02 22:07:16.508 +0200" DueDate="" EndDate="2014-10-05 23:55:05.811 +0200" Estimated="1" Handle="local-9" IssueURL="" Kind="task" Label="Insert second Document into the system" LastModified="now" MarkReadPending="false" ModificationDate="" Notes="POJO&#13;&#10;Queue handling&#13;&#10;Redis handling&#13;&#10;Mongo Aggregation" NotifiedIncoming="true" Owner="local" Priority="P3" Reminded="false" RepositoryUrl="local" ScheduledEndDate="2014-10-04 23:59:59.999 +0200" ScheduledStartDate="2014-09-28 00:00:00.0 +0200" Stale="false" TaskId="9" offlineSyncState="SYNCHRONIZED"/><Task Active="false" ConnectorKind="local" CreationDate="2014-10-02 22:06:54.714 +0200" DueDate="" EndDate="" Estimated="0" Handle="local-8" IssueURL="" Kind="task" Label="Deploy to AWS" LastModified="now" MarkReadPending="false" ModificationDate="" Notes="" NotifiedIncoming="true" Owner="local" Priority="P3" Reminded="false" RepositoryUrl="local" ScheduledEndDate="2014-10-04 23:59:59.999 +0200" ScheduledStartDate="2014-09-28 00:00:00.0 +0200" Stale="false" TaskId="8" offlineSyncState="SYNCHRONIZED"/><Task Active="false" ConnectorKind="local" CreationDate="2014-10-02 22:06:02.641 +0200" DueDate="" EndDate="2014-10-04 16:09:44.72 +0200" Estimated="1" Handle="local-7" IssueURL="" Kind="task" Label="Aggregate DestinationHost document on MongoDB" LastModified="now" MarkReadPending="false" ModificationDate="" Notes="Next steps:&#13;&#10;- Add value property  to AbstractMongoModel&#13;&#10;- add abstract resultTransformer to AbstractMongoModel&#13;&#10;- implement resultTransformer in DestinationHost" NotifiedIncoming="true" Owner="local" Priority="P3" Reminded="false" RepositoryUrl="local" ScheduledEndDate="2014-10-04 23:59:59.999 +0200" ScheduledStartDate="2014-09-28 00:00:00.0 +0200" Stale="false" TaskId="7" offlineSyncState="SYNCHRONIZED"/><Task Active="false" ConnectorKind="local" CreationDate="2014-10-02 22:05:40.131 +0200" DueDate="" EndDate="" Estimated="0" Handle="local-6" IssueURL="" Kind="task" Label="Migrate to eotest on Pivotal" LastModified="now" MarkReadPending="false" ModificationDate="" Notes="" NotifiedIncoming="true" Owner="local" Priority="P3" Reminded="false" RepositoryUrl="local" ScheduledEndDate="2014-10-04 23:59:59.999 +0200" ScheduledStartDate="2014-09-28 00:00:00.0 +0200" Stale="false" TaskId="6" offlineSyncState="SYNCHRONIZED"/><TaskCategory Handle="Uncategorized" Name="Uncategorized"><TaskReference Handle="local-1"/><TaskReference Handle="local-5"/><TaskReference Handle="local-4"/><TaskReference Handle="local-10"/><TaskReference Handle="local-9"/><TaskReference Handle="local-8"/><TaskReference Handle="local-7"/><TaskReference Handle="local-6"/><TaskReference Handle="local-11"/><TaskReference Handle="local-12"/></TaskCategory></TaskList>