<?xml version="1.0" encoding="UTF-8"?><InteractionHistory Id="local-5" Version="1"><InteractionEvent Delta="null" EndDate="2014-10-07 00:20:38.453 CEST" Interest="831.222" Kind="propagation" Navigation="org.eclipse.mylyn.core.model.edges.containment" OriginId="org.eclipse.mylyn.core.model.interest.propagation" StartDate="2014-10-06 23:21:09.553 CEST" StructureHandle="" StructureKind="aspectj" NumEvents="300" CreationCount="635"/><InteractionEvent Delta="null" EndDate="2014-10-06 19:44:04.764 CEST" Interest="1.0" Kind="edit" Navigation="null" OriginId="org.eclipse.wst.xml.ui.internal.tabletree.XMLMultiPageEditorPart" StartDate="2014-10-06 19:44:04.764 CEST" StructureHandle="/cloudDemo/src/main/webapp/WEB-INF/web.xml" StructureKind="resource"/><InteractionEvent Delta="null" EndDate="2014-10-06 19:44:04.727 CEST" Interest="2.0" Kind="selection" Navigation="null" OriginId="org.eclipse.wst.xml.ui.internal.tabletree.XMLMultiPageEditorPart" StartDate="2014-10-06 19:44:04.476 CEST" StructureHandle="/cloudDemo/src/main/webapp/WEB-INF/web.xml" StructureKind="resource" NumEvents="2" CreationCount="281"/><InteractionEvent Delta="null" EndDate="2014-10-06 22:47:28.986 CEST" Interest="6.0" Kind="edit" Navigation="null" OriginId="org.eclipse.jdt.ui.CompilationUnitEditor" StartDate="2014-10-06 22:47:20.56 CEST" StructureHandle="=cloudDemo/src\/main\/java&amp;lt;hu.evosoft.parser{NetStatsParser.java[NetStatsParser~getDestinationHost~\[QString;" StructureKind="java" NumEvents="6" CreationCount="337"/><InteractionEvent Delta="null" EndDate="2014-10-06 22:47:18.686 CEST" Interest="2.094" Kind="manipulation" Navigation="null" OriginId="org.eclipse.mylyn.core.model.interest.decay.correction" StartDate="2014-10-06 22:47:18.686 CEST" StructureHandle="=cloudDemo/src\/main\/java&amp;lt;hu.evosoft.parser{NetStatsParser.java[NetStatsParser~getDestinationHost~\[QString;" StructureKind="java"/><InteractionEvent Delta="null" EndDate="2014-10-06 22:47:18.686 CEST" Interest="2.0" Kind="selection" Navigation="null" OriginId="org.eclipse.jdt.ui.CompilationUnitEditor" StartDate="2014-10-06 22:15:48.139 CEST" StructureHandle="=cloudDemo/src\/main\/java&amp;lt;hu.evosoft.parser{NetStatsParser.java[NetStatsParser~getDestinationHost~\[QString;" StructureKind="java" NumEvents="2" CreationCount="337"/><InteractionEvent Delta="null" EndDate="2014-10-07 00:05:40.266 CEST" Interest="136.764" Kind="propagation" Navigation="org.eclipse.mylyn.core.model.edges.containment" OriginId="org.eclipse.mylyn.core.model.interest.propagation" StartDate="2014-10-06 18:53:52.500 CEST" StructureHandle="=cloudDemo/src\/main\/java&amp;lt;hu.evosoft.service" StructureKind="aspectj" NumEvents="207" CreationCount="1"/><InteractionEvent Delta="null" EndDate="2014-10-06 19:43:56.403 CEST" Interest="47.1" Kind="propagation" Navigation="org.eclipse.mylyn.core.model.edges.containment" OriginId="org.eclipse.mylyn.core.model.interest.propagation" StartDate="2014-10-06 19:31:31.967 CEST" StructureHandle="/cloudDemo/src/main/webapp" StructureKind="resource" NumEvents="63" CreationCount="138"/><InteractionEvent Delta="null" EndDate="2014-10-06 23:37:28.948 CEST" Interest="11.444" Kind="manipulation" Navigation="null" OriginId="org.eclipse.mylyn.core.model.interest.decay.correction" StartDate="2014-10-06 23:37:28.948 CEST" StructureHandle="=cloudDemo/src\/main\/java&amp;lt;hu.evosoft.service{CloudRedisService.java[CloudRedisService^stopWatchK" StructureKind="java"/><InteractionEvent Delta="null" EndDate="2014-10-06 23:37:28.948 CEST" Interest="2.0" Kind="selection" Navigation="null" OriginId="org.eclipse.jdt.ui.CompilationUnitEditor" StartDate="2014-10-06 23:03:47.716 CEST" StructureHandle="=cloudDemo/src\/main\/java&amp;lt;hu.evosoft.service{CloudRedisService.java[CloudRedisService^stopWatchK" StructureKind="java" NumEvents="2" CreationCount="12"/><InteractionEvent Delta="null" EndDate="2014-10-06 22:57:51.722 CEST" Interest="1.0" Kind="propagation" Navigation="org.eclipse.mylyn.core.model.edges.containment" OriginId="org.eclipse.mylyn.core.model.interest.propagation" StartDate="2014-10-06 22:57:51.722 CEST" StructureHandle="1:BeansModel|2:cloudDemo|3:src/main/webapp/WEB-INF/dispatcher-servlet.xml|7:beans:9" StructureKind="spring/beans"/><InteractionEvent Delta="null" EndDate="2014-10-06 19:42:16.215 CEST" Interest="1.0" Kind="edit" Navigation="null" OriginId="org.eclipse.jst.jsp.core.jspsource.source" StartDate="2014-10-06 19:42:16.215 CEST" StructureHandle="/cloudDemo/src/main/webapp/WEB-INF/jsp/logs.jsp" StructureKind="resource"/><InteractionEvent Delta="null" EndDate="2014-10-06 19:42:18.882 CEST" Interest="3.0" Kind="selection" Navigation="null" OriginId="org.eclipse.jdt.ui.PackageExplorer" StartDate="2014-10-06 19:42:15.999 CEST" StructureHandle="/cloudDemo/src/main/webapp/WEB-INF/jsp/logs.jsp" StructureKind="resource" NumEvents="3" CreationCount="230"/><InteractionEvent Delta="null" EndDate="2014-10-07 00:20:38.453 CEST" Interest="840.72797" Kind="propagation" Navigation="org.eclipse.mylyn.core.model.edges.containment" OriginId="org.eclipse.mylyn.core.model.interest.propagation" StartDate="2014-10-06 18:53:52.499 CEST" StructureHandle="=cloudDemo" StructureKind="resource" NumEvents="842" CreationCount="17"/><InteractionEvent Delta="null" EndDate="2014-10-06 22:07:11.86 CEST" Interest="1.0" Kind="selection" Navigation="null" OriginId="org.eclipse.jdt.ui.PackageExplorer" StartDate="2014-10-06 22:07:11.86 CEST" StructureHandle="=cloudDemo" StructureKind="java"/><InteractionEvent Delta="null" EndDate="2014-10-06 19:43:56.403 CEST" Interest="47.1" Kind="propagation" Navigation="org.eclipse.mylyn.core.model.edges.containment" OriginId="org.eclipse.mylyn.core.model.interest.propagation" StartDate="2014-10-06 19:31:31.967 CEST" StructureHandle="/cloudDemo/src/main/webapp/WEB-INF" StructureKind="resource" NumEvents="63" CreationCount="138"/><InteractionEvent Delta="null" EndDate="2014-10-06 23:02:39.157 CEST" Interest="8.803" Kind="propagation" Navigation="org.eclipse.mylyn.core.model.edges.containment" OriginId="org.eclipse.mylyn.core.model.interest.propagation" StartDate="2014-10-06 19:43:56.513 CEST" StructureHandle="1:BeansModel|2:cloudDemo" StructureKind="spring/beans" NumEvents="9" CreationCount="277"/><InteractionEvent Delta="null" EndDate="2014-10-06 22:26:01.835 CEST" Interest="2.1650004" Kind="manipulation" Navigation="null" OriginId="org.eclipse.mylyn.core.model.interest.decay.correction" StartDate="2014-10-06 22:26:01.835 CEST" StructureHandle="=cloudDemo/src\/main\/java&amp;lt;hu.evosoft.service{CloudRedisService.java[CloudRedisService~listData" StructureKind="java"/><InteractionEvent Delta="null" EndDate="2014-10-06 22:26:01.835 CEST" Interest="3.0" Kind="selection" Navigation="null" OriginId="org.eclipse.jdt.ui.CompilationUnitEditor" StartDate="2014-10-06 19:29:41.736 CEST" StructureHandle="=cloudDemo/src\/main\/java&amp;lt;hu.evosoft.service{CloudRedisService.java[CloudRedisService~listData" StructureKind="java" NumEvents="3" CreationCount="119"/><InteractionEvent Delta="null" EndDate="2014-10-06 19:27:46.439 CEST" Interest="13.0" Kind="propagation" Navigation="null" OriginId="org.eclipse.jdt.ui.CompilationUnitEditor" StartDate="2014-10-06 19:19:31.738 CEST" StructureHandle="/cloudDemo/src/main/java/hu/evosoft/controller/CloudMongoController.java" StructureKind="resource" NumEvents="13" CreationCount="77"/><InteractionEvent Delta="null" EndDate="2014-10-06 23:39:22.44 CEST" Interest="11.0" Kind="edit" Navigation="null" OriginId="org.eclipse.jdt.ui.CompilationUnitEditor" StartDate="2014-10-06 23:39:04.157 CEST" StructureHandle="=cloudDemo/src\/main\/java&amp;lt;hu.evosoft.service{CloudRedisService.java[CloudRedisService~asyncServiceMethod~\[QString;[~run" StructureKind="java" NumEvents="11" CreationCount="768"/><InteractionEvent Delta="null" EndDate="2014-10-06 23:39:03.304 CEST" Interest="1.0" Kind="selection" Navigation="null" OriginId="org.eclipse.jdt.ui.CompilationUnitEditor" StartDate="2014-10-06 23:39:03.304 CEST" StructureHandle="=cloudDemo/src\/main\/java&amp;lt;hu.evosoft.service{CloudRedisService.java[CloudRedisService~asyncServiceMethod~\[QString;[~run" StructureKind="java"/><InteractionEvent Delta="null" EndDate="2014-10-06 19:27:46.439 CEST" Interest="1.0" Kind="selection" Navigation="null" OriginId="org.eclipse.jdt.ui.CompilationUnitEditor" StartDate="2014-10-06 19:27:46.439 CEST" StructureHandle="=cloudDemo/src\/main\/java&amp;lt;hu.evosoft.controller{CloudMongoController.java#hu.evosoft.model.DestinationHost" StructureKind="java"/><InteractionEvent Delta="null" EndDate="2014-10-06 19:40:15.38 CEST" Interest="1.0" Kind="selection" Navigation="null" OriginId="org.eclipse.jdt.ui.CompilationUnitEditor" StartDate="2014-10-06 19:40:15.38 CEST" StructureHandle="=cloudDemo/src\/main\/java&amp;lt;hu.evosoft.controller{CloudRabbitController.java#" StructureKind="java"/><InteractionEvent Delta="null" EndDate="2014-10-06 22:34:46.697 CEST" Interest="4.734" Kind="propagation" Navigation="org.eclipse.mylyn.core.model.edges.containment" OriginId="org.eclipse.mylyn.core.model.interest.propagation" StartDate="2014-10-06 22:34:19.575 CEST" StructureHandle="=cloudDemo/src\/main\/java&amp;lt;hu.evosoft.rabbit" StructureKind="aspectj" NumEvents="8" CreationCount="373"/><InteractionEvent Delta="null" EndDate="2014-10-06 19:43:25.94 CEST" Interest="1.0" Kind="edit" Navigation="null" OriginId="org.eclipse.jst.jsp.core.jspsource.source" StartDate="2014-10-06 19:43:25.94 CEST" StructureHandle="/cloudDemo/src/main/webapp/WEB-INF/jsp/read_logs.jsp" StructureKind="resource"/><InteractionEvent Delta="null" EndDate="2014-10-06 19:43:31.514 CEST" Interest="3.0" Kind="selection" Navigation="null" OriginId="org.eclipse.jdt.ui.PackageExplorer" StartDate="2014-10-06 19:43:24.880 CEST" StructureHandle="/cloudDemo/src/main/webapp/WEB-INF/jsp/read_logs.jsp" StructureKind="resource" NumEvents="3" CreationCount="256"/><InteractionEvent Delta="null" EndDate="2014-10-07 00:05:40.205 CEST" Interest="2.0" Kind="edit" Navigation="null" OriginId="org.eclipse.jdt.ui.CompilationUnitEditor" StartDate="2014-10-07 00:04:30.418 CEST" StructureHandle="=cloudDemo/src\/main\/java&amp;lt;hu.evosoft.service{CloudRedisService.java[CloudRedisService~clearData" StructureKind="java" NumEvents="2" CreationCount="883"/><InteractionEvent Delta="null" EndDate="2014-10-07 00:04:20.10 CEST" Interest="1.0" Kind="selection" Navigation="null" OriginId="org.eclipse.jdt.ui.CompilationUnitEditor" StartDate="2014-10-07 00:04:20.10 CEST" StructureHandle="=cloudDemo/src\/main\/java&amp;lt;hu.evosoft.service{CloudRedisService.java[CloudRedisService~clearData" StructureKind="java"/><InteractionEvent Delta="null" EndDate="2014-10-06 18:55:06.114 CEST" Interest="3.0" Kind="edit" Navigation="null" OriginId="org.eclipse.jdt.ui.CompilationUnitEditor" StartDate="2014-10-06 18:55:02.226 CEST" StructureHandle="=cloudDemo/src\/main\/java&amp;lt;hu.evosoft.parser{NetStatsParser.java[NetStatsParser^SPLITTER" StructureKind="java" NumEvents="3" CreationCount="20"/><InteractionEvent Delta="null" EndDate="2014-10-06 19:40:11.514 CEST" Interest="9.667999" Kind="propagation" Navigation="org.eclipse.mylyn.core.model.edges.containment" OriginId="org.eclipse.mylyn.core.model.interest.propagation" StartDate="2014-10-06 19:27:57.388 CEST" StructureHandle="=cloudDemo/src\/main\/java&amp;lt;hu.evosoft.controller{CloudRabbitController.java" StructureKind="aspectj" NumEvents="13" CreationCount="90"/><InteractionEvent Delta="null" EndDate="2014-10-06 19:40:02.74 CEST" Interest="3.0" Kind="selection" Navigation="null" OriginId="org.eclipse.jdt.ui.CompilationUnitEditor" StartDate="2014-10-06 19:27:52.440 CEST" StructureHandle="=cloudDemo/src\/main\/java&amp;lt;hu.evosoft.controller{CloudRabbitController.java" StructureKind="java" NumEvents="3" CreationCount="90"/><InteractionEvent Delta="null" EndDate="2014-10-06 23:03:15.911 CEST" Interest="1.0" Kind="selection" Navigation="null" OriginId="org.eclipse.jdt.ui.CompilationUnitEditor" StartDate="2014-10-06 23:03:15.911 CEST" StructureHandle="=cloudDemo/src\/main\/java&amp;lt;hu.evosoft.service{CloudRedisService.java[CloudRedisService^stop" StructureKind="java"/><InteractionEvent Delta="null" EndDate="2014-10-06 22:37:37.519 CEST" Interest="15.0" Kind="edit" Navigation="null" OriginId="org.eclipse.jdt.ui.CompilationUnitEditor" StartDate="2014-10-06 22:37:09.753 CEST" StructureHandle="=cloudDemo/src\/main\/java&amp;lt;hu.evosoft.controller{ReadLogsController.java[ReadLogsController" StructureKind="java" NumEvents="15" CreationCount="52"/><InteractionEvent Delta="null" EndDate="2014-10-07 00:20:38.453 CEST" Interest="65.088" Kind="propagation" Navigation="org.eclipse.mylyn.core.model.edges.containment" OriginId="org.eclipse.mylyn.core.model.interest.propagation" StartDate="2014-10-06 18:57:01.380 CEST" StructureHandle="=cloudDemo/src\/main\/java&amp;lt;hu.evosoft.controller{ReadLogsController.java[ReadLogsController" StructureKind="aspectj" NumEvents="86" CreationCount="41"/><InteractionEvent Delta="null" EndDate="2014-10-06 22:37:08.332 CEST" Interest="1.0" Kind="selection" Navigation="null" OriginId="org.eclipse.jdt.ui.CompilationUnitEditor" StartDate="2014-10-06 22:37:08.332 CEST" StructureHandle="=cloudDemo/src\/main\/java&amp;lt;hu.evosoft.controller{ReadLogsController.java[ReadLogsController" StructureKind="java"/><InteractionEvent Delta="null" EndDate="2014-10-06 22:35:02.296 CEST" Interest="1.0" Kind="selection" Navigation="null" OriginId="org.eclipse.jdt.ui.CompilationUnitEditor" StartDate="2014-10-06 22:35:02.296 CEST" StructureHandle="=cloudDemo/src\/main\/java&amp;lt;hu.evosoft.rabbit{SignalType.java[SignalType^CHUNK" StructureKind="java"/><InteractionEvent Delta="null" EndDate="2014-10-06 19:38:52.889 CEST" Interest="37.0" Kind="propagation" Navigation="null" OriginId="org.eclipse.jdt.ui.CompilationUnitEditor" StartDate="2014-10-06 19:29:15.900 CEST" StructureHandle="/cloudDemo/src/main/java/hu/evosoft/controller/CloudRedisController.java" StructureKind="resource" NumEvents="37" CreationCount="111"/><InteractionEvent Delta="null" EndDate="2014-10-06 22:47:28.986 CEST" Interest="86.0" Kind="propagation" Navigation="org.eclipse.mylyn.core.model.edges.containment" OriginId="org.eclipse.mylyn.core.model.interest.propagation" StartDate="2014-10-06 18:54:10.427 CEST" StructureHandle="/cloudDemo/src/main/java/hu/evosoft/parser" StructureKind="resource" NumEvents="86" CreationCount="12"/><InteractionEvent Delta="null" EndDate="2014-10-06 22:47:17.264 CEST" Interest="25.792" Kind="propagation" Navigation="org.eclipse.mylyn.core.model.edges.containment" OriginId="org.eclipse.mylyn.core.model.interest.propagation" StartDate="2014-10-06 18:54:10.951 CEST" StructureHandle="=cloudDemo/src\/main\/java&amp;lt;hu.evosoft.parser{NetStatsParser.java" StructureKind="aspectj" NumEvents="42" CreationCount="12"/><InteractionEvent Delta="null" EndDate="2014-10-06 22:45:35.731 CEST" Interest="5.0" Kind="selection" Navigation="null" OriginId="org.eclipse.jdt.ui.CompilationUnitEditor" StartDate="2014-10-06 18:54:10.426 CEST" StructureHandle="=cloudDemo/src\/main\/java&amp;lt;hu.evosoft.parser{NetStatsParser.java" StructureKind="java" NumEvents="5" CreationCount="12"/><InteractionEvent Delta="null" EndDate="2014-10-06 19:43:48.289 CEST" Interest="53.0" Kind="edit" Navigation="null" OriginId="org.eclipse.jst.jsp.core.jspsource.source" StartDate="2014-10-06 19:31:33.310 CEST" StructureHandle="/cloudDemo/src/main/webapp/WEB-INF/jsp/redis.jsp" StructureKind="resource" NumEvents="53" CreationCount="138"/><InteractionEvent Delta="null" EndDate="2014-10-06 19:43:56.402 CEST" Interest="10.0" Kind="selection" Navigation="null" OriginId="org.eclipse.jdt.ui.PackageExplorer" StartDate="2014-10-06 19:31:31.966 CEST" StructureHandle="/cloudDemo/src/main/webapp/WEB-INF/jsp/redis.jsp" StructureKind="resource" NumEvents="10" CreationCount="138"/><InteractionEvent Delta="null" EndDate="2014-10-07 00:05:40.266 CEST" Interest="136.764" Kind="propagation" Navigation="org.eclipse.mylyn.core.model.edges.containment" OriginId="org.eclipse.mylyn.core.model.interest.propagation" StartDate="2014-10-06 18:53:52.501 CEST" StructureHandle="=cloudDemo/src\/main\/java" StructureKind="aspectj" NumEvents="204" CreationCount="1"/><InteractionEvent Delta="null" EndDate="2014-10-06 18:56:33.300 CEST" Interest="2.0" Kind="edit" Navigation="null" OriginId="org.eclipse.jdt.ui.CompilationUnitEditor" StartDate="2014-10-06 18:56:33.299 CEST" StructureHandle="=cloudDemo/src\/main\/java&amp;lt;hu.evosoft.parser{NetStatsParser.java[NetStatsParser~bufferedRead~QBufferedReader;" StructureKind="java" NumEvents="2" CreationCount="34"/><InteractionEvent Delta="null" EndDate="2014-10-06 18:56:48.235 CEST" Interest="5.0" Kind="selection" Navigation="null" OriginId="org.eclipse.jdt.ui.CompilationUnitEditor" StartDate="2014-10-06 18:56:28.744 CEST" StructureHandle="=cloudDemo/src\/main\/java&amp;lt;hu.evosoft.parser{NetStatsParser.java[NetStatsParser~bufferedRead~QBufferedReader;" StructureKind="java" NumEvents="5" CreationCount="34"/><InteractionEvent Delta="null" EndDate="2014-10-06 19:40:15.38 CEST" Interest="27.0" Kind="propagation" Navigation="null" OriginId="org.eclipse.jdt.ui.CompilationUnitEditor" StartDate="2014-10-06 19:27:52.441 CEST" StructureHandle="/cloudDemo/src/main/java/hu/evosoft/controller/CloudRabbitController.java" StructureKind="resource" NumEvents="27" CreationCount="90"/><InteractionEvent Delta="null" EndDate="2014-10-07 00:11:00.409 CEST" Interest="520.0" Kind="propagation" Navigation="null" OriginId="org.eclipse.jdt.ui.CompilationUnitEditor" StartDate="2014-10-06 18:53:52.499 CEST" StructureHandle="/cloudDemo/src/main/java/hu/evosoft/service" StructureKind="resource" NumEvents="520" CreationCount="1"/><InteractionEvent Delta="null" EndDate="2014-10-07 00:20:38.453 CEST" Interest="842.0" Kind="propagation" Navigation="org.eclipse.mylyn.core.model.edges.containment" OriginId="org.eclipse.mylyn.core.model.interest.propagation" StartDate="2014-10-06 18:53:52.499 CEST" StructureHandle="/" StructureKind="resource" NumEvents="843" CreationCount="1"/><InteractionEvent Delta="null" EndDate="2014-10-06 19:28:03.3 CEST" Interest="3.0" Kind="edit" Navigation="null" OriginId="org.eclipse.jdt.ui.CompilationUnitEditor" StartDate="2014-10-06 19:28:00.707 CEST" StructureHandle="=cloudDemo/src\/main\/java&amp;lt;hu.evosoft.controller{CloudRabbitController.java[CloudRabbitController~getData~QModelMap;" StructureKind="java" NumEvents="3" CreationCount="94"/><InteractionEvent Delta="null" EndDate="2014-10-06 19:27:59.387 CEST" Interest="1.0" Kind="selection" Navigation="null" OriginId="org.eclipse.jdt.ui.CompilationUnitEditor" StartDate="2014-10-06 19:27:59.387 CEST" StructureHandle="=cloudDemo/src\/main\/java&amp;lt;hu.evosoft.controller{CloudRabbitController.java[CloudRabbitController~getData~QModelMap;" StructureKind="java"/><InteractionEvent Delta="null" EndDate="2014-10-06 22:11:08.258 CEST" Interest="2.0" Kind="selection" Navigation="null" OriginId="org.eclipse.jdt.ui.ClassFileEditor" StartDate="2014-10-06 22:10:37.354 CEST" StructureHandle="=cloudDemo/C:\/Users\/john\/.m2\/repository\/org\/springframework\/data\/spring-data-redis\/1.4.0.RELEASE\/spring-data-redis-1.4.0.RELEASE.jar&amp;lt;org.springframework.data.redis.core(SetOperations.class[SetOperations~add~TK;~\[TV;" StructureKind="java" NumEvents="2" CreationCount="270"/><InteractionEvent Delta="null" EndDate="2014-10-06 18:55:19.965 CEST" Interest="4.0" Kind="edit" Navigation="null" OriginId="org.eclipse.jdt.ui.CompilationUnitEditor" StartDate="2014-10-06 18:54:35.816 CEST" StructureHandle="=cloudDemo/src\/main\/java&amp;lt;hu.evosoft.parser{NetStatsParser.java[NetStatsParser~getDestinationHost~QString;" StructureKind="java" NumEvents="4" CreationCount="13"/><InteractionEvent Delta="null" EndDate="2014-10-06 18:55:17.221 CEST" Interest="2.0" Kind="selection" Navigation="null" OriginId="org.eclipse.jdt.ui.CompilationUnitEditor" StartDate="2014-10-06 18:54:10.949 CEST" StructureHandle="=cloudDemo/src\/main\/java&amp;lt;hu.evosoft.parser{NetStatsParser.java[NetStatsParser~getDestinationHost~QString;" StructureKind="java" NumEvents="2" CreationCount="13"/><InteractionEvent Delta="null" EndDate="2014-10-06 19:43:34.671 CEST" Interest="10.0" Kind="edit" Navigation="null" OriginId="org.eclipse.jst.jsp.core.jspsource.source" StartDate="2014-10-06 19:42:58.869 CEST" StructureHandle="/cloudDemo/src/main/webapp/WEB-INF/jsp/rabbit.jsp" StructureKind="resource" NumEvents="10" CreationCount="244"/><InteractionEvent Delta="null" EndDate="2014-10-06 19:43:37.65 CEST" Interest="6.0" Kind="selection" Navigation="null" OriginId="org.eclipse.jdt.ui.PackageExplorer" StartDate="2014-10-06 19:42:58.678 CEST" StructureHandle="/cloudDemo/src/main/webapp/WEB-INF/jsp/rabbit.jsp" StructureKind="resource" NumEvents="6" CreationCount="244"/><InteractionEvent Delta="null" EndDate="2014-10-06 23:53:41.30 CEST" Interest="17.0" Kind="edit" Navigation="null" OriginId="org.eclipse.jdt.ui.CompilationUnitEditor" StartDate="2014-10-06 23:51:51.569 CEST" StructureHandle="=cloudDemo/src\/main\/java&amp;lt;hu.evosoft.service{CloudRedisService.java[CloudRedisService~popAllMongoCompatibleValues" StructureKind="java" NumEvents="17" CreationCount="838"/><InteractionEvent Delta="null" EndDate="2014-10-06 23:51:41.747 CEST" Interest="1.0" Kind="selection" Navigation="null" OriginId="org.eclipse.jdt.ui.CompilationUnitEditor" StartDate="2014-10-06 23:51:41.747 CEST" StructureHandle="=cloudDemo/src\/main\/java&amp;lt;hu.evosoft.service{CloudRedisService.java[CloudRedisService~popAllMongoCompatibleValues" StructureKind="java"/><InteractionEvent Delta="null" EndDate="2014-10-06 19:31:38.165 CEST" Interest="10.0" Kind="edit" Navigation="null" OriginId="org.eclipse.jdt.ui.CompilationUnitEditor" StartDate="2014-10-06 19:29:51.69 CEST" StructureHandle="=cloudDemo/src\/main\/java&amp;lt;hu.evosoft.controller{CloudRedisController.java[CloudRedisController~getDataList~QModelMap;" StructureKind="java" NumEvents="10" CreationCount="121"/><InteractionEvent Delta="null" EndDate="2014-10-06 19:38:26.766 CEST" Interest="4.0" Kind="selection" Navigation="null" OriginId="org.eclipse.jdt.ui.CompilationUnitEditor" StartDate="2014-10-06 19:29:51.58 CEST" StructureHandle="=cloudDemo/src\/main\/java&amp;lt;hu.evosoft.controller{CloudRedisController.java[CloudRedisController~getDataList~QModelMap;" StructureKind="java" NumEvents="4" CreationCount="121"/><InteractionEvent Delta="null" EndDate="2014-10-06 23:51:40.210 CEST" Interest="1.0" Kind="edit" Navigation="null" OriginId="org.eclipse.jdt.ui.CompilationUnitEditor" StartDate="2014-10-06 23:51:40.210 CEST" StructureHandle="=cloudDemo/src\/main\/java&amp;lt;hu.evosoft.service{CloudRedisService.java[CloudRedisService~clearData" StructureKind="java"/><InteractionEvent Delta="null" EndDate="2014-10-07 00:03:39.796 CEST" Interest="4.0" Kind="selection" Navigation="null" OriginId="org.eclipse.jdt.ui.CompilationUnitEditor" StartDate="2014-10-06 23:51:34.296 CEST" StructureHandle="=cloudDemo/src\/main\/java&amp;lt;hu.evosoft.service{CloudRedisService.java[CloudRedisService~listNetStatInfo" StructureKind="java" NumEvents="4" CreationCount="834"/><InteractionEvent Delta="null" EndDate="2014-10-06 22:39:41.762 CEST" Interest="2.0" Kind="edit" Navigation="null" OriginId="org.eclipse.jdt.ui.CompilationUnitEditor" StartDate="2014-10-06 22:39:39.887 CEST" StructureHandle="=cloudDemo/src\/main\/java&amp;lt;hu.evosoft.service{CloudRabbitService.java[CloudRabbitService~sendChunkEndSignal" StructureKind="java" NumEvents="2" CreationCount="432"/><InteractionEvent Delta="null" EndDate="2014-10-06 23:02:39.413 CEST" Interest="2.0" Kind="selection" Navigation="null" OriginId="org.eclipse.jdt.ui.CompilationUnitEditor" StartDate="2014-10-06 22:39:34.823 CEST" StructureHandle="=cloudDemo/src\/main\/java&amp;lt;hu.evosoft.service{CloudRabbitService.java[CloudRabbitService~sendChunkEndSignal" StructureKind="java" NumEvents="2" CreationCount="432"/><InteractionEvent Delta="null" EndDate="2014-10-06 19:27:40.636 CEST" Interest="2.0" Kind="propagation" Navigation="org.eclipse.mylyn.core.model.edges.containment" OriginId="org.eclipse.mylyn.core.model.interest.propagation" StartDate="2014-10-06 19:27:38.11 CEST" StructureHandle="=cloudDemo/src\/main\/java&amp;lt;hu.evosoft.controller{CloudMongoController.java#" StructureKind="aspectj" NumEvents="2" CreationCount="87"/><InteractionEvent Delta="null" EndDate="2014-10-06 22:33:57.174 CEST" Interest="1.4230003" Kind="manipulation" Navigation="null" OriginId="org.eclipse.mylyn.core.model.interest.decay.correction" StartDate="2014-10-06 22:33:57.174 CEST" StructureHandle="/cloudDemo/src/main/java/hu/evosoft/controller/ReadLogsController.java" StructureKind="resource"/><InteractionEvent Delta="null" EndDate="2014-10-07 00:20:38.453 CEST" Interest="141.0" Kind="propagation" Navigation="null" OriginId="org.eclipse.jdt.ui.CompilationUnitEditor" StartDate="2014-10-06 18:57:01.380 CEST" StructureHandle="/cloudDemo/src/main/java/hu/evosoft/controller/ReadLogsController.java" StructureKind="resource" NumEvents="141" CreationCount="214"/><InteractionEvent Delta="null" EndDate="2014-10-06 19:28:15.888 CEST" Interest="1.0" Kind="edit" Navigation="null" OriginId="org.eclipse.jdt.ui.CompilationUnitEditor" StartDate="2014-10-06 19:28:15.888 CEST" StructureHandle="=cloudDemo/src\/main\/java&amp;lt;hu.evosoft.controller{CloudRabbitController.java[CloudRabbitController~purgeQueue~QModelMap;" StructureKind="java"/><InteractionEvent Delta="null" EndDate="2014-10-06 19:28:14.457 CEST" Interest="1.0" Kind="selection" Navigation="null" OriginId="org.eclipse.jdt.ui.CompilationUnitEditor" StartDate="2014-10-06 19:28:14.457 CEST" StructureHandle="=cloudDemo/src\/main\/java&amp;lt;hu.evosoft.controller{CloudRabbitController.java[CloudRabbitController~purgeQueue~QModelMap;" StructureKind="java"/><InteractionEvent Delta="null" EndDate="2014-10-06 22:53:54.714 CEST" Interest="39.199997" Kind="propagation" Navigation="org.eclipse.mylyn.core.model.edges.containment" OriginId="org.eclipse.mylyn.core.model.interest.propagation" StartDate="2014-10-06 18:54:00.719 CEST" StructureHandle="=cloudDemo/src\/main\/java&amp;lt;hu.evosoft.service{CloudRabbitListener.java[CloudRabbitListener" StructureKind="aspectj" NumEvents="50" CreationCount="3"/><InteractionEvent Delta="null" EndDate="2014-10-06 19:27:36.96 CEST" Interest="4.7999997" Kind="propagation" Navigation="org.eclipse.mylyn.core.model.edges.containment" OriginId="org.eclipse.mylyn.core.model.interest.propagation" StartDate="2014-10-06 19:19:31.738 CEST" StructureHandle="=cloudDemo/src\/main\/java&amp;lt;hu.evosoft.controller{CloudMongoController.java" StructureKind="aspectj" NumEvents="6" CreationCount="77"/><InteractionEvent Delta="null" EndDate="2014-10-06 19:19:31.890 CEST" Interest="1.0" Kind="selection" Navigation="null" OriginId="org.eclipse.jdt.ui.CompilationUnitEditor" StartDate="2014-10-06 19:19:31.890 CEST" StructureHandle="=cloudDemo/src\/main\/java&amp;lt;hu.evosoft.controller{CloudMongoController.java" StructureKind="java"/><InteractionEvent Delta="null" EndDate="2014-10-06 19:40:11.514 CEST" Interest="5.0" Kind="edit" Navigation="null" OriginId="org.eclipse.jdt.ui.CompilationUnitEditor" StartDate="2014-10-06 19:28:08.89 CEST" StructureHandle="=cloudDemo/src\/main\/java&amp;lt;hu.evosoft.controller{CloudRabbitController.java[CloudRabbitController" StructureKind="java" NumEvents="5" CreationCount="92"/><InteractionEvent Delta="null" EndDate="2014-10-06 19:28:03.3 CEST" Interest="2.1339998" Kind="propagation" Navigation="org.eclipse.mylyn.core.model.edges.containment" OriginId="org.eclipse.mylyn.core.model.interest.propagation" StartDate="2014-10-06 19:27:55.283 CEST" StructureHandle="=cloudDemo/src\/main\/java&amp;lt;hu.evosoft.controller{CloudRabbitController.java[CloudRabbitController" StructureKind="aspectj" NumEvents="3" CreationCount="92"/><InteractionEvent Delta="null" EndDate="2014-10-06 19:40:10.782 CEST" Interest="7.0" Kind="selection" Navigation="null" OriginId="org.eclipse.jdt.ui.CompilationUnitEditor" StartDate="2014-10-06 19:27:57.387 CEST" StructureHandle="=cloudDemo/src\/main\/java&amp;lt;hu.evosoft.controller{CloudRabbitController.java[CloudRabbitController" StructureKind="java" NumEvents="7" CreationCount="92"/><InteractionEvent Delta="null" EndDate="2014-10-06 23:45:39.906 CEST" Interest="1.0" Kind="selection" Navigation="null" OriginId="org.eclipse.jdt.ui.CompilationUnitEditor" StartDate="2014-10-06 23:45:39.906 CEST" StructureHandle="=cloudDemo/src\/main\/java&amp;lt;hu.evosoft.service{CloudRedisService.java[CloudRedisService~asyncSaveKey~\[QString;[" StructureKind="java"/><InteractionEvent Delta="null" EndDate="2014-10-06 19:38:46.69 CEST" Interest="0.01700002" Kind="propagation" Navigation="org.eclipse.mylyn.core.model.edges.containment" OriginId="org.eclipse.mylyn.core.model.interest.propagation" StartDate="2014-10-06 19:38:46.69 CEST" StructureHandle="=cloudDemo/src\/main\/java&amp;lt;hu.evosoft.transfer{RedisMongoTransferrer.java" StructureKind="aspectj"/><InteractionEvent Delta="null" EndDate="2014-10-06 19:39:51.795 CEST" Interest="3.0" Kind="selection" Navigation="null" OriginId="org.eclipse.jdt.ui.CompilationUnitEditor" StartDate="2014-10-06 19:38:45.544 CEST" StructureHandle="=cloudDemo/src\/main\/java&amp;lt;hu.evosoft.transfer{RedisMongoTransferrer.java" StructureKind="java" NumEvents="3" CreationCount="162"/><InteractionEvent Delta="null" EndDate="2014-10-07 00:04:16.531 CEST" Interest="23.0" Kind="edit" Navigation="null" OriginId="org.eclipse.jdt.ui.CompilationUnitEditor" StartDate="2014-10-06 19:39:30.356 CEST" StructureHandle="=cloudDemo/src\/main\/java&amp;lt;hu.evosoft.service{CloudRedisService.java[CloudRedisService" StructureKind="java" NumEvents="23" CreationCount="192"/><InteractionEvent Delta="null" EndDate="2014-10-06 23:45:39.262 CEST" Interest="95.417" Kind="propagation" Navigation="org.eclipse.mylyn.core.model.edges.containment" OriginId="org.eclipse.mylyn.core.model.interest.propagation" StartDate="2014-10-06 18:54:05.665 CEST" StructureHandle="=cloudDemo/src\/main\/java&amp;lt;hu.evosoft.service{CloudRedisService.java[CloudRedisService" StructureKind="aspectj" NumEvents="136" CreationCount="192"/><InteractionEvent Delta="null" EndDate="2014-10-07 00:04:18.232 CEST" Interest="21.0" Kind="selection" Navigation="null" OriginId="org.eclipse.jdt.ui.CompilationUnitEditor" StartDate="2014-10-06 19:39:25.973 CEST" StructureHandle="=cloudDemo/src\/main\/java&amp;lt;hu.evosoft.service{CloudRedisService.java[CloudRedisService" StructureKind="java" NumEvents="21" CreationCount="192"/><InteractionEvent Delta="null" EndDate="2014-10-06 22:11:07.667 CEST" Interest="2.017" Kind="propagation" Navigation="org.eclipse.mylyn.core.model.edges.containment" OriginId="org.eclipse.mylyn.core.model.interest.propagation" StartDate="2014-10-06 22:10:36.757 CEST" StructureHandle="=cloudDemo/C:\/Users\/john\/.m2\/repository\/org\/springframework\/data\/spring-data-redis\/1.4.0.RELEASE\/spring-data-redis-1.4.0.RELEASE.jar" StructureKind="aspectj" NumEvents="3" CreationCount="269"/><InteractionEvent Delta="null" EndDate="2014-10-07 00:20:38.453 CEST" Interest="300.0" Kind="propagation" Navigation="null" OriginId="org.eclipse.jdt.ui.CompilationUnitEditor" StartDate="2014-10-06 23:21:09.553 CEST" StructureHandle="/cloudDemo" StructureKind="resource" NumEvents="300" CreationCount="635"/><InteractionEvent Delta="null" EndDate="2014-10-06 22:34:23.627 CEST" Interest="1.0" Kind="selection" Navigation="null" OriginId="org.eclipse.jdt.ui.CompilationUnitEditor" StartDate="2014-10-06 22:34:23.627 CEST" StructureHandle="=cloudDemo/src\/main\/java&amp;lt;hu.evosoft.rabbit{SignalType.java[SignalType^END" StructureKind="java"/><InteractionEvent Delta="null" EndDate="2014-10-06 22:11:08.259 CEST" Interest="2.0" Kind="propagation" Navigation="org.eclipse.mylyn.core.model.edges.containment" OriginId="org.eclipse.mylyn.core.model.interest.propagation" StartDate="2014-10-06 22:10:37.356 CEST" StructureHandle="=cloudDemo/C:\/Users\/john\/.m2\/repository\/org\/springframework\/data\/spring-data-redis\/1.4.0.RELEASE\/spring-data-redis-1.4.0.RELEASE.jar&amp;lt;org.springframework.data.redis.core(SetOperations.class[SetOperations" StructureKind="aspectj" NumEvents="2" CreationCount="270"/><InteractionEvent Delta="null" EndDate="2014-10-06 18:55:13.478 CEST" Interest="2.0" Kind="edit" Navigation="null" OriginId="org.eclipse.jdt.ui.CompilationUnitEditor" StartDate="2014-10-06 18:55:12.412 CEST" StructureHandle="=cloudDemo/src\/main\/java&amp;lt;hu.evosoft.parser{NetStatsParser.java[NetStatsParser~isNetStatLog~QString;" StructureKind="java" NumEvents="2" CreationCount="25"/><InteractionEvent Delta="null" EndDate="2014-10-06 18:55:10.141 CEST" Interest="1.0" Kind="selection" Navigation="null" OriginId="org.eclipse.jdt.ui.CompilationUnitEditor" StartDate="2014-10-06 18:55:10.141 CEST" StructureHandle="=cloudDemo/src\/main\/java&amp;lt;hu.evosoft.parser{NetStatsParser.java[NetStatsParser~isNetStatLog~QString;" StructureKind="java"/><InteractionEvent Delta="null" EndDate="2014-10-06 22:37:06.775 CEST" Interest="1.0" Kind="selection" Navigation="null" OriginId="org.eclipse.jdt.ui.CompilationUnitEditor" StartDate="2014-10-06 22:37:06.775 CEST" StructureHandle="=cloudDemo/src\/main\/java&amp;lt;hu.evosoft.controller{ReadLogsController.java[ReadLogsController^myContent" StructureKind="java"/><InteractionEvent Delta="null" EndDate="2014-10-06 22:57:51.722 CEST" Interest="1.0" Kind="propagation" Navigation="org.eclipse.mylyn.core.model.edges.containment" OriginId="org.eclipse.mylyn.core.model.interest.propagation" StartDate="2014-10-06 22:57:51.722 CEST" StructureHandle="1:BeansModel|2:cloudDemo|3:src/main/webapp/WEB-INF/dispatcher-servlet.xml|7:beans:9|7:rabbit:listener-container:26|8:rabbitListenerContainer:26" StructureKind="spring/beans"/><InteractionEvent Delta="null" EndDate="2014-10-06 19:39:56.989 CEST" Interest="8.0" Kind="propagation" Navigation="null" OriginId="org.eclipse.jdt.ui.CompilationUnitEditor" StartDate="2014-10-06 19:38:45.544 CEST" StructureHandle="/cloudDemo/src/main/java/hu/evosoft/transfer" StructureKind="resource" NumEvents="8" CreationCount="162"/><InteractionEvent Delta="null" EndDate="2014-10-06 22:40:27.856 CEST" Interest="36.0" Kind="edit" Navigation="null" OriginId="org.eclipse.jdt.ui.CompilationUnitEditor" StartDate="2014-10-06 18:54:08.451 CEST" StructureHandle="=cloudDemo/src\/main\/java&amp;lt;hu.evosoft.service{CloudRabbitListener.java[CloudRabbitListener~listenForStrings~QString;" StructureKind="java" NumEvents="36" CreationCount="3"/><InteractionEvent Delta="null" EndDate="2014-10-06 22:53:54.713 CEST" Interest="14.0" Kind="selection" Navigation="null" OriginId="org.eclipse.jdt.ui.CompilationUnitEditor" StartDate="2014-10-06 18:54:00.718 CEST" StructureHandle="=cloudDemo/src\/main\/java&amp;lt;hu.evosoft.service{CloudRabbitListener.java[CloudRabbitListener~listenForStrings~QString;" StructureKind="java" NumEvents="14" CreationCount="3"/><InteractionEvent Delta="null" EndDate="2014-10-06 19:29:28.631 CEST" Interest="2.0" Kind="edit" Navigation="null" OriginId="org.eclipse.jdt.ui.CompilationUnitEditor" StartDate="2014-10-06 19:29:23.92 CEST" StructureHandle="=cloudDemo/src\/main\/java&amp;lt;hu.evosoft.controller{CloudRedisController.java[CloudRedisController" StructureKind="java" NumEvents="2" CreationCount="113"/><InteractionEvent Delta="null" EndDate="2014-10-06 19:38:26.766 CEST" Interest="8.736" Kind="propagation" Navigation="org.eclipse.mylyn.core.model.edges.containment" OriginId="org.eclipse.mylyn.core.model.interest.propagation" StartDate="2014-10-06 19:29:18.876 CEST" StructureHandle="=cloudDemo/src\/main\/java&amp;lt;hu.evosoft.controller{CloudRedisController.java[CloudRedisController" StructureKind="aspectj" NumEvents="12" CreationCount="113"/><InteractionEvent Delta="null" EndDate="2014-10-06 19:38:52.889 CEST" Interest="2.0" Kind="selection" Navigation="null" OriginId="org.eclipse.jdt.ui.CompilationUnitEditor" StartDate="2014-10-06 19:29:20.961 CEST" StructureHandle="=cloudDemo/src\/main\/java&amp;lt;hu.evosoft.controller{CloudRedisController.java[CloudRedisController" StructureKind="java" NumEvents="2" CreationCount="113"/><InteractionEvent Delta="null" EndDate="2014-10-06 23:02:39.157 CEST" Interest="8.803" Kind="propagation" Navigation="org.eclipse.mylyn.core.model.edges.containment" OriginId="org.eclipse.mylyn.core.model.interest.propagation" StartDate="2014-10-06 19:43:56.514 CEST" StructureHandle="1:SpringModel|2:cloudDemo" StructureKind="spring/beans" NumEvents="9" CreationCount="277"/><InteractionEvent Delta="null" EndDate="2014-10-07 00:20:38.453 CEST" Interest="843.0" Kind="propagation" Navigation="org.eclipse.mylyn.core.model.edges.containment" OriginId="org.eclipse.mylyn.core.model.interest.propagation" StartDate="2014-10-06 18:53:52.499 CEST" StructureHandle="/cloudDemo/src/main" StructureKind="resource" NumEvents="843" CreationCount="1"/><InteractionEvent Delta="null" EndDate="2014-10-06 23:38:25.930 CEST" Interest="3.0" Kind="edit" Navigation="null" OriginId="org.eclipse.jdt.ui.CompilationUnitEditor" StartDate="2014-10-06 23:38:24.166 CEST" StructureHandle="=cloudDemo/src\/main\/java&amp;lt;hu.evosoft.service{CloudRedisService.java[CloudRedisService~asyncServiceMethod~QString;~QObject;[~run" StructureKind="java" NumEvents="3" CreationCount="753"/><InteractionEvent Delta="null" EndDate="2014-10-06 23:38:23.473 CEST" Interest="2.0" Kind="selection" Navigation="null" OriginId="org.eclipse.jdt.ui.CompilationUnitEditor" StartDate="2014-10-06 23:38:18.503 CEST" StructureHandle="=cloudDemo/src\/main\/java&amp;lt;hu.evosoft.service{CloudRedisService.java[CloudRedisService~asyncServiceMethod~QString;~QObject;[~run" StructureKind="java" NumEvents="2" CreationCount="753"/><InteractionEvent Delta="null" EndDate="2014-10-06 18:56:16.749 CEST" Interest="1.0" Kind="edit" Navigation="null" OriginId="org.eclipse.jdt.ui.CompilationUnitEditor" StartDate="2014-10-06 18:56:16.749 CEST" StructureHandle="=cloudDemo/src\/main\/java&amp;lt;hu.evosoft.parser{NetStatsParser.java[NetStatsParser~replaceUnwantedSemicolonsWithComa~QString;" StructureKind="java"/><InteractionEvent Delta="null" EndDate="2014-10-06 18:56:32.756 CEST" Interest="3.0" Kind="selection" Navigation="null" OriginId="org.eclipse.jdt.ui.CompilationUnitEditor" StartDate="2014-10-06 18:55:59.310 CEST" StructureHandle="=cloudDemo/src\/main\/java&amp;lt;hu.evosoft.parser{NetStatsParser.java[NetStatsParser~replaceUnwantedSemicolonsWithComa~QString;" StructureKind="java" NumEvents="3" CreationCount="32"/><InteractionEvent Delta="null" EndDate="2014-10-06 22:39:30.789 CEST" Interest="2.0" Kind="edit" Navigation="null" OriginId="org.eclipse.jdt.ui.CompilationUnitEditor" StartDate="2014-10-06 19:39:19.612 CEST" StructureHandle="=cloudDemo/src\/main\/java&amp;lt;hu.evosoft.service{CloudRabbitService.java[CloudRabbitService" StructureKind="java" NumEvents="2" CreationCount="238"/><InteractionEvent Delta="null" EndDate="2014-10-06 22:39:26.897 CEST" Interest="2.513" Kind="propagation" Navigation="org.eclipse.mylyn.core.model.edges.containment" OriginId="org.eclipse.mylyn.core.model.interest.propagation" StartDate="2014-10-06 19:39:13.298 CEST" StructureHandle="=cloudDemo/src\/main\/java&amp;lt;hu.evosoft.service{CloudRabbitService.java[CloudRabbitService" StructureKind="aspectj" NumEvents="3" CreationCount="238"/><InteractionEvent Delta="null" EndDate="2014-10-06 22:39:28.533 CEST" Interest="3.0" Kind="selection" Navigation="null" OriginId="org.eclipse.jdt.ui.CompilationUnitEditor" StartDate="2014-10-06 19:39:15.868 CEST" StructureHandle="=cloudDemo/src\/main\/java&amp;lt;hu.evosoft.service{CloudRabbitService.java[CloudRabbitService" StructureKind="java" NumEvents="3" CreationCount="238"/><InteractionEvent Delta="null" EndDate="2014-10-06 22:57:51.722 CEST" Interest="1.0" Kind="propagation" Navigation="org.eclipse.mylyn.core.model.edges.containment" OriginId="org.eclipse.mylyn.core.model.interest.propagation" StartDate="2014-10-06 22:57:51.722 CEST" StructureHandle="1:BeansModel|2:cloudDemo|3:src/main/webapp/WEB-INF/dispatcher-servlet.xml|7:beans:9|7:rabbit:listener-container:26" StructureKind="spring/beans"/><InteractionEvent Delta="null" EndDate="2014-10-06 22:53:54.714 CEST" Interest="92.0" Kind="propagation" Navigation="null" OriginId="org.eclipse.jdt.ui.CompilationUnitEditor" StartDate="2014-10-06 18:53:52.499 CEST" StructureHandle="/cloudDemo/src/main/java/hu/evosoft/service/CloudRabbitListener.java" StructureKind="resource" NumEvents="92" CreationCount="1"/><InteractionEvent Delta="null" EndDate="2014-10-06 22:57:51.722 CEST" Interest="1.0" Kind="propagation" Navigation="org.eclipse.mylyn.core.model.edges.containment" OriginId="org.eclipse.mylyn.core.model.interest.propagation" StartDate="2014-10-06 22:57:51.722 CEST" StructureHandle="1:BeansModel|2:cloudDemo|3:src/main/webapp/WEB-INF/dispatcher-servlet.xml|7:beans:9|7:rabbit:listener-container:26|8:rabbitListenerContainer:26|9:messageListener:26" StructureKind="spring/beans"/><InteractionEvent Delta="null" EndDate="2014-10-06 23:38:25.930 CEST" Interest="4.1" Kind="propagation" Navigation="org.eclipse.mylyn.core.model.edges.containment" OriginId="org.eclipse.mylyn.core.model.interest.propagation" StartDate="2014-10-06 23:38:18.503 CEST" StructureHandle="=cloudDemo/src\/main\/java&amp;lt;hu.evosoft.service{CloudRedisService.java[CloudRedisService~asyncServiceMethod~QString;~QObject;[" StructureKind="aspectj" NumEvents="5" CreationCount="753"/><InteractionEvent Delta="null" EndDate="2014-10-06 22:57:51.722 CEST" Interest="1.0" Kind="selection" Navigation="null" OriginId="com.springsource.sts.config.ui.editors.SpringConfigEditor" StartDate="2014-10-06 22:57:51.722 CEST" StructureHandle="1:BeansModel|2:cloudDemo|3:src/main/webapp/WEB-INF/dispatcher-servlet.xml|7:beans:9|7:rabbit:listener-container:26|8:rabbitListenerContainer:26|9:messageListener:26|8::27" StructureKind="spring/beans"/><InteractionEvent Delta="null" EndDate="2014-10-06 19:39:33.785 CEST" Interest="2.0" Kind="propagation" Navigation="null" OriginId="org.eclipse.jdt.ui.CompilationUnitEditor" StartDate="2014-10-06 19:39:33.624 CEST" StructureHandle="/cloudDemo/src/main/java/hu/evosoft/transfer/RabbitRedisTransferrer.java" StructureKind="resource" NumEvents="2" CreationCount="180"/><InteractionEvent Delta="null" EndDate="2014-10-06 19:43:56.403 CEST" Interest="47.1" Kind="propagation" Navigation="org.eclipse.mylyn.core.model.edges.containment" OriginId="org.eclipse.mylyn.core.model.interest.propagation" StartDate="2014-10-06 19:31:31.966 CEST" StructureHandle="/cloudDemo/src/main/webapp/WEB-INF/jsp" StructureKind="resource" NumEvents="63" CreationCount="138"/><InteractionEvent Delta="null" EndDate="2014-10-06 19:39:51.825 CEST" Interest="2.0" Kind="propagation" Navigation="org.eclipse.mylyn.core.model.edges.containment" OriginId="org.eclipse.mylyn.core.model.interest.propagation" StartDate="2014-10-06 19:38:46.69 CEST" StructureHandle="=cloudDemo/src\/main\/java&amp;lt;hu.evosoft.transfer{RedisMongoTransferrer.java[RedisMongoTransferrer" StructureKind="aspectj" NumEvents="2" CreationCount="163"/><InteractionEvent Delta="null" EndDate="2014-10-06 19:39:56.989 CEST" Interest="1.0" Kind="selection" Navigation="null" OriginId="org.eclipse.jdt.ui.CompilationUnitEditor" StartDate="2014-10-06 19:39:56.989 CEST" StructureHandle="=cloudDemo/src\/main\/java&amp;lt;hu.evosoft.transfer{RedisMongoTransferrer.java[RedisMongoTransferrer" StructureKind="java"/><InteractionEvent Delta="null" EndDate="2014-10-06 22:14:30.235 CEST" Interest="1.0" Kind="selection" Navigation="null" OriginId="org.eclipse.jdt.ui.CompilationUnitEditor" StartDate="2014-10-06 22:14:30.235 CEST" StructureHandle="=cloudDemo/src\/main\/java&amp;lt;hu.evosoft.service{CloudRedisService.java[CloudRedisService~addNetStatInfo~QLong;" StructureKind="java"/><InteractionEvent Delta="null" EndDate="2014-10-06 18:54:49.331 CEST" Interest="1.0" Kind="edit" Navigation="null" OriginId="org.eclipse.jdt.ui.CompilationUnitEditor" StartDate="2014-10-06 18:54:49.331 CEST" StructureHandle="=cloudDemo/src\/main\/java&amp;lt;hu.evosoft.parser{NetStatsParser.java[NetStatsParser" StructureKind="java"/><InteractionEvent Delta="null" EndDate="2014-10-06 22:47:17.264 CEST" Interest="28.939" Kind="propagation" Navigation="org.eclipse.mylyn.core.model.edges.containment" OriginId="org.eclipse.mylyn.core.model.interest.propagation" StartDate="2014-10-06 18:54:10.950 CEST" StructureHandle="=cloudDemo/src\/main\/java&amp;lt;hu.evosoft.parser{NetStatsParser.java[NetStatsParser" StructureKind="aspectj" NumEvents="40" CreationCount="21"/><InteractionEvent Delta="null" EndDate="2014-10-06 18:54:48.326 CEST" Interest="1.0" Kind="selection" Navigation="null" OriginId="org.eclipse.jdt.ui.CompilationUnitEditor" StartDate="2014-10-06 18:54:48.326 CEST" StructureHandle="=cloudDemo/src\/main\/java&amp;lt;hu.evosoft.parser{NetStatsParser.java[NetStatsParser" StructureKind="java"/><InteractionEvent Delta="null" EndDate="2014-10-06 19:31:38.165 CEST" Interest="6.1700006" Kind="propagation" Navigation="org.eclipse.mylyn.core.model.edges.containment" OriginId="org.eclipse.mylyn.core.model.interest.propagation" StartDate="2014-10-06 19:29:20.961 CEST" StructureHandle="=cloudDemo/src\/main\/java&amp;lt;hu.evosoft.controller{CloudRedisController.java" StructureKind="aspectj" NumEvents="11" CreationCount="111"/><InteractionEvent Delta="null" EndDate="2014-10-06 19:38:48.306 CEST" Interest="7.0" Kind="selection" Navigation="null" OriginId="org.eclipse.jdt.ui.CompilationUnitEditor" StartDate="2014-10-06 19:29:15.900 CEST" StructureHandle="=cloudDemo/src\/main\/java&amp;lt;hu.evosoft.controller{CloudRedisController.java" StructureKind="java" NumEvents="7" CreationCount="111"/><InteractionEvent Delta="null" EndDate="2014-10-07 00:20:38.453 CEST" Interest="843.0" Kind="propagation" Navigation="null" OriginId="org.eclipse.jdt.ui.CompilationUnitEditor" StartDate="2014-10-06 18:53:52.499 CEST" StructureHandle="/cloudDemo/src/main/java" StructureKind="resource" NumEvents="843" CreationCount="1"/><InteractionEvent Delta="null" EndDate="2014-10-07 00:20:38.453 CEST" Interest="843.0" Kind="propagation" Navigation="org.eclipse.mylyn.core.model.edges.containment" OriginId="org.eclipse.mylyn.core.model.interest.propagation" StartDate="2014-10-06 18:53:52.499 CEST" StructureHandle="/cloudDemo/src" StructureKind="resource" NumEvents="843" CreationCount="1"/><InteractionEvent Delta="null" EndDate="2014-10-06 18:54:55.826 CEST" Interest="1.0" Kind="selection" Navigation="null" OriginId="org.eclipse.jdt.ui.CompilationUnitEditor" StartDate="2014-10-06 18:54:55.826 CEST" StructureHandle="=cloudDemo/src\/main\/java&amp;lt;hu.evosoft.parser{NetStatsParser.java[NetStatsParser~formatFile~QPath;~QPath;" StructureKind="java"/><InteractionEvent Delta="null" EndDate="2014-10-07 00:20:38.453 CEST" Interest="218.0" Kind="propagation" Navigation="null" OriginId="org.eclipse.jdt.ui.CompilationUnitEditor" StartDate="2014-10-06 18:57:01.380 CEST" StructureHandle="/cloudDemo/src/main/java/hu/evosoft/controller" StructureKind="resource" NumEvents="218" CreationCount="52"/><InteractionEvent Delta="null" EndDate="2014-10-06 22:11:07.666 CEST" Interest="2.017" Kind="propagation" Navigation="org.eclipse.mylyn.core.model.edges.containment" OriginId="org.eclipse.mylyn.core.model.interest.propagation" StartDate="2014-10-06 22:10:36.756 CEST" StructureHandle="=cloudDemo/C:\/Users\/john\/.m2\/repository\/org\/springframework\/data\/spring-data-redis\/1.4.0.RELEASE\/spring-data-redis-1.4.0.RELEASE.jar&amp;lt;org.springframework.data.redis.core" StructureKind="aspectj" NumEvents="3" CreationCount="269"/><InteractionEvent Delta="null" EndDate="2014-10-06 23:51:22.935 CEST" Interest="1.0" Kind="edit" Navigation="null" OriginId="org.eclipse.jdt.ui.CompilationUnitEditor" StartDate="2014-10-06 23:51:22.935 CEST" StructureHandle="=cloudDemo/src\/main\/java&amp;lt;hu.evosoft.service{CloudRedisService.java[CloudRedisService~getKeys" StructureKind="java"/><InteractionEvent Delta="null" EndDate="2014-10-07 00:05:44.473 CEST" Interest="2.0" Kind="selection" Navigation="null" OriginId="org.eclipse.jdt.ui.CompilationUnitEditor" StartDate="2014-10-06 23:51:21.754 CEST" StructureHandle="=cloudDemo/src\/main\/java&amp;lt;hu.evosoft.service{CloudRedisService.java[CloudRedisService~getKeys" StructureKind="java" NumEvents="2" CreationCount="826"/><InteractionEvent Delta="null" EndDate="2014-10-06 22:57:49.412 CEST" Interest="0.42000008" Kind="manipulation" Navigation="null" OriginId="org.eclipse.mylyn.core.model.interest.decay.correction" StartDate="2014-10-06 22:57:49.412 CEST" StructureHandle="/cloudDemo/src/main/webapp/WEB-INF/dispatcher-servlet.xml" StructureKind="resource"/><InteractionEvent Delta="null" EndDate="2014-10-06 23:02:39.157 CEST" Interest="10.0" Kind="propagation" Navigation="null" OriginId="org.eclipse.jdt.ui.PackageExplorer" StartDate="2014-10-06 19:43:56.513 CEST" StructureHandle="/cloudDemo/src/main/webapp/WEB-INF/dispatcher-servlet.xml" StructureKind="resource" NumEvents="10" CreationCount="277"/><InteractionEvent Delta="null" EndDate="2014-10-06 23:26:06.456 CEST" Interest="5.0" Kind="edit" Navigation="null" OriginId="org.eclipse.jdt.ui.CompilationUnitEditor" StartDate="2014-10-06 22:38:22.75 CEST" StructureHandle="=cloudDemo/src\/main\/java&amp;lt;hu.evosoft.controller{ReadLogsController.java[ReadLogsController^CHUNK_LIMIT" StructureKind="java" NumEvents="5" CreationCount="403"/><InteractionEvent Delta="null" EndDate="2014-10-06 23:26:06.48 CEST" Interest="4.0" Kind="selection" Navigation="null" OriginId="org.eclipse.jdt.ui.CompilationUnitEditor" StartDate="2014-10-06 22:37:38.332 CEST" StructureHandle="=cloudDemo/src\/main\/java&amp;lt;hu.evosoft.controller{ReadLogsController.java[ReadLogsController^CHUNK_LIMIT" StructureKind="java" NumEvents="4" CreationCount="403"/><InteractionEvent Delta="null" EndDate="2014-10-07 00:11:00.409 CEST" Interest="409.0" Kind="propagation" Navigation="null" OriginId="org.eclipse.jdt.ui.CompilationUnitEditor" StartDate="2014-10-06 18:54:04.959 CEST" StructureHandle="/cloudDemo/src/main/java/hu/evosoft/service/CloudRedisService.java" StructureKind="resource" NumEvents="409" CreationCount="4"/><InteractionEvent Delta="null" EndDate="2014-10-06 18:54:57.604 CEST" Interest="1.0" Kind="selection" Navigation="null" OriginId="org.eclipse.jdt.ui.CompilationUnitEditor" StartDate="2014-10-06 18:54:57.604 CEST" StructureHandle="=cloudDemo/src\/main\/java&amp;lt;hu.evosoft.parser{NetStatsParser.java[NetStatsParser^S" StructureKind="java"/><InteractionEvent Delta="null" EndDate="2014-10-06 19:27:25.973 CEST" Interest="1.0" Kind="edit" Navigation="null" OriginId="org.eclipse.jdt.ui.CompilationUnitEditor" StartDate="2014-10-06 19:27:25.973 CEST" StructureHandle="=cloudDemo/src\/main\/java&amp;lt;hu.evosoft.controller{CloudMongoController.java[CloudMongoController~getDocumentList~QModelMap;" StructureKind="java"/><InteractionEvent Delta="null" EndDate="2014-10-06 19:27:24.597 CEST" Interest="1.0" Kind="selection" Navigation="null" OriginId="org.eclipse.jdt.ui.CompilationUnitEditor" StartDate="2014-10-06 19:27:24.597 CEST" StructureHandle="=cloudDemo/src\/main\/java&amp;lt;hu.evosoft.controller{CloudMongoController.java[CloudMongoController~getDocumentList~QModelMap;" StructureKind="java"/><InteractionEvent Delta="null" EndDate="2014-10-06 22:41:54.328 CEST" Interest="22.0" Kind="edit" Navigation="null" OriginId="org.eclipse.jdt.ui.CompilationUnitEditor" StartDate="2014-10-06 18:57:51.820 CEST" StructureHandle="=cloudDemo/src\/main\/java&amp;lt;hu.evosoft.service{CloudRabbitListener.java[CloudRabbitListener~listenForSignal~QSignal;" StructureKind="java" NumEvents="22" CreationCount="108"/><InteractionEvent Delta="null" EndDate="2014-10-06 22:41:04.83 CEST" Interest="3.4650002" Kind="manipulation" Navigation="null" OriginId="org.eclipse.mylyn.core.model.interest.decay.correction" StartDate="2014-10-06 22:41:04.83 CEST" StructureHandle="=cloudDemo/src\/main\/java&amp;lt;hu.evosoft.service{CloudRabbitListener.java[CloudRabbitListener~listenForSignal~QSignal;" StructureKind="java"/><InteractionEvent Delta="null" EndDate="2014-10-06 22:41:04.83 CEST" Interest="2.0" Kind="selection" Navigation="null" OriginId="org.eclipse.jdt.ui.CompilationUnitEditor" StartDate="2014-10-06 18:57:38.479 CEST" StructureHandle="=cloudDemo/src\/main\/java&amp;lt;hu.evosoft.service{CloudRabbitListener.java[CloudRabbitListener~listenForSignal~QSignal;" StructureKind="java" NumEvents="2" CreationCount="108"/><InteractionEvent Delta="null" EndDate="2014-10-06 23:39:22.44 CEST" Interest="7.7169995" Kind="propagation" Navigation="org.eclipse.mylyn.core.model.edges.containment" OriginId="org.eclipse.mylyn.core.model.interest.propagation" StartDate="2014-10-06 23:39:03.304 CEST" StructureHandle="=cloudDemo/src\/main\/java&amp;lt;hu.evosoft.service{CloudRedisService.java[CloudRedisService~asyncServiceMethod~\[QString;[" StructureKind="aspectj" NumEvents="12" CreationCount="767"/><InteractionEvent Delta="null" EndDate="2014-10-06 23:38:53.290 CEST" Interest="1.0" Kind="selection" Navigation="null" OriginId="org.eclipse.jdt.ui.CompilationUnitEditor" StartDate="2014-10-06 23:38:53.290 CEST" StructureHandle="=cloudDemo/src\/main\/java&amp;lt;hu.evosoft.service{CloudRedisService.java[CloudRedisService~asyncServiceMethod~\[QString;[" StructureKind="java"/><InteractionEvent Delta="null" EndDate="2014-10-06 18:54:46.836 CEST" Interest="1.0" Kind="selection" Navigation="null" OriginId="org.eclipse.jdt.ui.CompilationUnitEditor" StartDate="2014-10-06 18:54:46.836 CEST" StructureHandle="=cloudDemo/src\/main\/java&amp;lt;hu.evosoft.parser{NetStatsParser.java[NetStatsParser^TEN_MINUTES_IN_MILIS" StructureKind="java"/><InteractionEvent Delta="null" EndDate="2014-10-06 22:34:25.310 CEST" Interest="1.0" Kind="edit" Navigation="null" OriginId="org.eclipse.jdt.ui.CompilationUnitEditor" StartDate="2014-10-06 22:34:25.310 CEST" StructureHandle="=cloudDemo/src\/main\/java&amp;lt;hu.evosoft.rabbit{SignalType.java[SignalType" StructureKind="java"/><InteractionEvent Delta="null" EndDate="2014-10-06 22:34:23.627 CEST" Interest="1.0" Kind="propagation" Navigation="org.eclipse.mylyn.core.model.edges.containment" OriginId="org.eclipse.mylyn.core.model.interest.propagation" StartDate="2014-10-06 22:34:23.627 CEST" StructureHandle="=cloudDemo/src\/main\/java&amp;lt;hu.evosoft.rabbit{SignalType.java[SignalType" StructureKind="aspectj"/><InteractionEvent Delta="null" EndDate="2014-10-06 22:34:46.697 CEST" Interest="3.0" Kind="selection" Navigation="null" OriginId="org.eclipse.jdt.ui.CompilationUnitEditor" StartDate="2014-10-06 22:34:24.670 CEST" StructureHandle="=cloudDemo/src\/main\/java&amp;lt;hu.evosoft.rabbit{SignalType.java[SignalType" StructureKind="java" NumEvents="3" CreationCount="375"/><InteractionEvent Delta="null" EndDate="2014-10-06 22:47:17.264 CEST" Interest="31.0" Kind="edit" Navigation="null" OriginId="org.eclipse.jdt.ui.CompilationUnitEditor" StartDate="2014-10-06 22:46:06.3 CEST" StructureHandle="=cloudDemo/src\/main\/java&amp;lt;hu.evosoft.parser{NetStatsParser.java[NetStatsParser~getTimeStamp~\[QString;" StructureKind="java" NumEvents="31" CreationCount="488"/><InteractionEvent Delta="null" EndDate="2014-10-06 22:46:04.716 CEST" Interest="1.0" Kind="selection" Navigation="null" OriginId="org.eclipse.jdt.ui.CompilationUnitEditor" StartDate="2014-10-06 22:46:04.716 CEST" StructureHandle="=cloudDemo/src\/main\/java&amp;lt;hu.evosoft.parser{NetStatsParser.java[NetStatsParser~getTimeStamp~\[QString;" StructureKind="java"/><InteractionEvent Delta="null" EndDate="2014-10-07 00:11:00.409 CEST" Interest="520.0" Kind="propagation" Navigation="org.eclipse.mylyn.core.model.edges.containment" OriginId="org.eclipse.mylyn.core.model.interest.propagation" StartDate="2014-10-06 18:53:52.499 CEST" StructureHandle="/cloudDemo/src/main/java/hu/evosoft" StructureKind="resource" NumEvents="523" CreationCount="1"/><InteractionEvent Delta="null" EndDate="2014-10-06 22:13:59.95 CEST" Interest="12.0" Kind="edit" Navigation="null" OriginId="org.eclipse.jdt.ui.CompilationUnitEditor" StartDate="2014-10-06 22:10:41.367 CEST" StructureHandle="=cloudDemo/src\/main\/java&amp;lt;hu.evosoft.service{CloudRedisService.java[CloudRedisService~addNetStatInfo~QString;" StructureKind="java" NumEvents="12" CreationCount="5"/><InteractionEvent Delta="null" EndDate="2014-10-06 22:09:42.68 CEST" Interest="1.4540005" Kind="manipulation" Navigation="null" OriginId="org.eclipse.mylyn.core.model.interest.decay.correction" StartDate="2014-10-06 22:09:42.68 CEST" StructureHandle="=cloudDemo/src\/main\/java&amp;lt;hu.evosoft.service{CloudRedisService.java[CloudRedisService~addNetStatInfo~QString;" StructureKind="java"/><InteractionEvent Delta="null" EndDate="2014-10-06 22:13:57.177 CEST" Interest="9.0" Kind="selection" Navigation="null" OriginId="org.eclipse.jdt.ui.CompilationUnitEditor" StartDate="2014-10-06 18:54:05.662 CEST" StructureHandle="=cloudDemo/src\/main\/java&amp;lt;hu.evosoft.service{CloudRedisService.java[CloudRedisService~addNetStatInfo~QString;" StructureKind="java" NumEvents="9" CreationCount="5"/><InteractionEvent Delta="null" EndDate="2014-10-06 22:43:29.976 CEST" Interest="23.233997" Kind="propagation" Navigation="org.eclipse.mylyn.core.model.edges.containment" OriginId="org.eclipse.mylyn.core.model.interest.propagation" StartDate="2014-10-06 18:54:08.440 CEST" StructureHandle="=cloudDemo/src\/main\/java&amp;lt;hu.evosoft.service{CloudRabbitListener.java" StructureKind="aspectj" NumEvents="37" CreationCount="1"/><InteractionEvent Delta="null" EndDate="2014-10-06 22:53:54.683 CEST" Interest="18.0" Kind="selection" Navigation="null" OriginId="org.eclipse.jdt.ui.CompilationUnitEditor" StartDate="2014-10-06 18:53:52.498 CEST" StructureHandle="=cloudDemo/src\/main\/java&amp;lt;hu.evosoft.service{CloudRabbitListener.java" StructureKind="java" NumEvents="18" CreationCount="1"/><InteractionEvent Delta="null" EndDate="2014-10-06 22:47:28.986 CEST" Interest="86.0" Kind="propagation" Navigation="null" OriginId="org.eclipse.jdt.ui.CompilationUnitEditor" StartDate="2014-10-06 18:54:10.427 CEST" StructureHandle="/cloudDemo/src/main/java/hu/evosoft/parser/NetStatsParser.java" StructureKind="resource" NumEvents="86" CreationCount="12"/><InteractionEvent Delta="null" EndDate="2014-10-06 23:38:37.425 CEST" Interest="3.0" Kind="edit" Navigation="null" OriginId="org.eclipse.jdt.ui.CompilationUnitEditor" StartDate="2014-10-06 23:37:54.802 CEST" StructureHandle="=cloudDemo/src\/main\/java&amp;lt;hu.evosoft.service{CloudRedisService.java[CloudRedisService~asyncServiceMethod~QString;~QObject;" StructureKind="java" NumEvents="3" CreationCount="750"/><InteractionEvent Delta="null" EndDate="2014-10-06 23:38:25.930 CEST" Interest="1.7509999" Kind="propagation" Navigation="org.eclipse.mylyn.core.model.edges.containment" OriginId="org.eclipse.mylyn.core.model.interest.propagation" StartDate="2014-10-06 23:38:24.166 CEST" StructureHandle="=cloudDemo/src\/main\/java&amp;lt;hu.evosoft.service{CloudRedisService.java[CloudRedisService~asyncServiceMethod~QString;~QObject;" StructureKind="aspectj" NumEvents="3" CreationCount="750"/><InteractionEvent Delta="null" EndDate="2014-10-06 23:38:43.387 CEST" Interest="3.0" Kind="selection" Navigation="null" OriginId="org.eclipse.jdt.ui.CompilationUnitEditor" StartDate="2014-10-06 23:37:52.739 CEST" StructureHandle="=cloudDemo/src\/main\/java&amp;lt;hu.evosoft.service{CloudRedisService.java[CloudRedisService~asyncServiceMethod~QObject;" StructureKind="java" NumEvents="3" CreationCount="750"/><InteractionEvent Delta="null" EndDate="2014-10-07 00:11:00.408 CEST" Interest="1.0" Kind="selection" Navigation="null" OriginId="org.eclipse.jdt.ui.CompilationUnitEditor" StartDate="2014-10-07 00:11:00.408 CEST" StructureHandle="=cloudDemo/src\/main\/java&amp;lt;hu.evosoft.service{CloudRedisService.java[CloudRedisService~flushKey~QString;" StructureKind="java"/><InteractionEvent Delta="null" EndDate="2014-10-06 19:28:19.119 CEST" Interest="1.0" Kind="selection" Navigation="null" OriginId="org.eclipse.jdt.ui.CompilationUnitEditor" StartDate="2014-10-06 19:28:19.119 CEST" StructureHandle="=cloudDemo/src\/main\/java&amp;lt;hu.evosoft.controller{CloudRabbitController.java[CloudRabbitController~turnOnNullDevListener~QModelMap;" StructureKind="java"/><InteractionEvent Delta="null" EndDate="2014-10-06 19:39:56.989 CEST" Interest="6.0" Kind="propagation" Navigation="null" OriginId="org.eclipse.jdt.ui.CompilationUnitEditor" StartDate="2014-10-06 19:38:45.544 CEST" StructureHandle="/cloudDemo/src/main/java/hu/evosoft/transfer/RedisMongoTransferrer.java" StructureKind="resource" NumEvents="6" CreationCount="162"/><InteractionEvent Delta="null" EndDate="2014-10-06 23:03:35.173 CEST" Interest="4.0" Kind="edit" Navigation="null" OriginId="org.eclipse.jdt.ui.CompilationUnitEditor" StartDate="2014-10-06 23:03:25.761 CEST" StructureHandle="=cloudDemo/src\/main\/java&amp;lt;hu.evosoft.service{CloudRedisService.java[CloudRedisService^stopWatch" StructureKind="java" NumEvents="4" CreationCount="565"/><InteractionEvent Delta="null" EndDate="2014-10-06 23:03:48.666 CEST" Interest="3.0" Kind="selection" Navigation="null" OriginId="org.eclipse.jdt.ui.CompilationUnitEditor" StartDate="2014-10-06 23:03:19.388 CEST" StructureHandle="=cloudDemo/src\/main\/java&amp;lt;hu.evosoft.service{CloudRedisService.java[CloudRedisService^stopWatch" StructureKind="java" NumEvents="3" CreationCount="565"/><InteractionEvent Delta="null" EndDate="2014-10-07 00:20:38.453 CEST" Interest="76.401" Kind="propagation" Navigation="org.eclipse.mylyn.core.model.edges.containment" OriginId="org.eclipse.mylyn.core.model.interest.propagation" StartDate="2014-10-06 18:57:01.380 CEST" StructureHandle="=cloudDemo/src\/main\/java&amp;lt;hu.evosoft.controller" StructureKind="aspectj" NumEvents="111" CreationCount="52"/><InteractionEvent Delta="null" EndDate="2014-10-06 22:34:46.697 CEST" Interest="2.7340002" Kind="propagation" Navigation="org.eclipse.mylyn.core.model.edges.containment" OriginId="org.eclipse.mylyn.core.model.interest.propagation" StartDate="2014-10-06 22:34:24.670 CEST" StructureHandle="=cloudDemo/src\/main\/java&amp;lt;hu.evosoft.rabbit{SignalType.java" StructureKind="aspectj" NumEvents="5" CreationCount="373"/><InteractionEvent Delta="null" EndDate="2014-10-06 22:34:19.701 CEST" Interest="2.0" Kind="selection" Navigation="null" OriginId="org.eclipse.jdt.ui.CompilationUnitEditor" StartDate="2014-10-06 22:34:19.575 CEST" StructureHandle="=cloudDemo/src\/main\/java&amp;lt;hu.evosoft.rabbit{SignalType.java" StructureKind="java" NumEvents="2" CreationCount="373"/><InteractionEvent Delta="null" EndDate="2014-10-06 23:02:39.413 CEST" Interest="19.0" Kind="propagation" Navigation="null" OriginId="org.eclipse.jdt.ui.CompilationUnitEditor" StartDate="2014-10-06 19:39:10.342 CEST" StructureHandle="/cloudDemo/src/main/java/hu/evosoft/service/CloudRabbitService.java" StructureKind="resource" NumEvents="19" CreationCount="170"/><InteractionEvent Delta="null" EndDate="2014-10-06 22:39:23.197 CEST" Interest="1.6010002" Kind="manipulation" Navigation="null" OriginId="org.eclipse.mylyn.core.model.interest.decay.correction" StartDate="2014-10-06 22:39:23.197 CEST" StructureHandle="=cloudDemo/src\/main\/java&amp;lt;hu.evosoft.service{CloudRabbitService.java" StructureKind="java"/><InteractionEvent Delta="null" EndDate="2014-10-06 22:39:34.824 CEST" Interest="3.4680002" Kind="propagation" Navigation="org.eclipse.mylyn.core.model.edges.containment" OriginId="org.eclipse.mylyn.core.model.interest.propagation" StartDate="2014-10-06 19:39:15.869 CEST" StructureHandle="=cloudDemo/src\/main\/java&amp;lt;hu.evosoft.service{CloudRabbitService.java" StructureKind="aspectj" NumEvents="8" CreationCount="170"/><InteractionEvent Delta="null" EndDate="2014-10-06 23:02:39.378 CEST" Interest="5.0" Kind="selection" Navigation="null" OriginId="org.eclipse.jdt.ui.CompilationUnitEditor" StartDate="2014-10-06 19:39:10.342 CEST" StructureHandle="=cloudDemo/src\/main\/java&amp;lt;hu.evosoft.service{CloudRabbitService.java" StructureKind="java" NumEvents="5" CreationCount="170"/><InteractionEvent Delta="null" EndDate="2014-10-06 22:33:57.174 CEST" Interest="0.84700024" Kind="manipulation" Navigation="null" OriginId="org.eclipse.mylyn.core.model.interest.decay.correction" StartDate="2014-10-06 22:33:57.174 CEST" StructureHandle="=cloudDemo/src\/main\/java&amp;lt;hu.evosoft.controller{ReadLogsController.java" StructureKind="java"/><InteractionEvent Delta="null" EndDate="2014-10-07 00:20:38.453 CEST" Interest="59.394997" Kind="propagation" Navigation="org.eclipse.mylyn.core.model.edges.containment" OriginId="org.eclipse.mylyn.core.model.interest.propagation" StartDate="2014-10-06 18:57:01.380 CEST" StructureHandle="=cloudDemo/src\/main\/java&amp;lt;hu.evosoft.controller{ReadLogsController.java" StructureKind="aspectj" NumEvents="87" CreationCount="179"/><InteractionEvent Delta="null" EndDate="2014-10-07 00:12:12.225 CEST" Interest="14.0" Kind="selection" Navigation="null" OriginId="org.eclipse.jdt.ui.CompilationUnitEditor" StartDate="2014-10-06 18:57:03.441 CEST" StructureHandle="=cloudDemo/src\/main\/java&amp;lt;hu.evosoft.controller{ReadLogsController.java" StructureKind="java" NumEvents="14" CreationCount="179"/><InteractionEvent Delta="null" EndDate="2014-10-06 22:10:37.357 CEST" Interest="0.01700002" Kind="propagation" Navigation="org.eclipse.mylyn.core.model.edges.containment" OriginId="org.eclipse.mylyn.core.model.interest.propagation" StartDate="2014-10-06 22:10:37.357 CEST" StructureHandle="=cloudDemo/C:\/Users\/john\/.m2\/repository\/org\/springframework\/data\/spring-data-redis\/1.4.0.RELEASE\/spring-data-redis-1.4.0.RELEASE.jar&amp;lt;org.springframework.data.redis.core(SetOperations.class" StructureKind="aspectj"/><InteractionEvent Delta="null" EndDate="2014-10-06 22:11:07.666 CEST" Interest="2.0" Kind="selection" Navigation="null" OriginId="org.eclipse.jdt.ui.ClassFileEditor" StartDate="2014-10-06 22:10:36.754 CEST" StructureHandle="=cloudDemo/C:\/Users\/john\/.m2\/repository\/org\/springframework\/data\/spring-data-redis\/1.4.0.RELEASE\/spring-data-redis-1.4.0.RELEASE.jar&amp;lt;org.springframework.data.redis.core(SetOperations.class" StructureKind="java" NumEvents="2" CreationCount="269"/><InteractionEvent Delta="null" EndDate="2014-10-06 18:56:52.163 CEST" Interest="6.0" Kind="edit" Navigation="null" OriginId="org.eclipse.jdt.ui.CompilationUnitEditor" StartDate="2014-10-06 18:56:48.774 CEST" StructureHandle="=cloudDemo/src\/main\/java&amp;lt;hu.evosoft.parser{NetStatsParser.java[NetStatsParser~correctLine~QString;" StructureKind="java" NumEvents="6" CreationCount="41"/><InteractionEvent Delta="null" EndDate="2014-10-06 22:45:35.759 CEST" Interest="6.0" Kind="selection" Navigation="null" OriginId="org.eclipse.jdt.ui.CompilationUnitEditor" StartDate="2014-10-06 18:56:48.132 CEST" StructureHandle="=cloudDemo/src\/main\/java&amp;lt;hu.evosoft.parser{NetStatsParser.java[NetStatsParser~correctLine~QString;" StructureKind="java" NumEvents="6" CreationCount="41"/><InteractionEvent Delta="null" EndDate="2014-10-07 00:04:18.233 CEST" Interest="118.713005" Kind="propagation" Navigation="org.eclipse.mylyn.core.model.edges.containment" OriginId="org.eclipse.mylyn.core.model.interest.propagation" StartDate="2014-10-06 18:54:05.665 CEST" StructureHandle="=cloudDemo/src\/main\/java&amp;lt;hu.evosoft.service{CloudRedisService.java" StructureKind="aspectj" NumEvents="174" CreationCount="4"/><InteractionEvent Delta="null" EndDate="2014-10-07 00:05:40.266 CEST" Interest="18.0" Kind="selection" Navigation="null" OriginId="org.eclipse.jdt.ui.CompilationUnitEditor" StartDate="2014-10-06 18:54:04.959 CEST" StructureHandle="=cloudDemo/src\/main\/java&amp;lt;hu.evosoft.service{CloudRedisService.java" StructureKind="java" NumEvents="18" CreationCount="4"/><InteractionEvent Delta="null" EndDate="2014-10-06 19:30:58.644 CEST" Interest="2.0" Kind="edit" Navigation="null" OriginId="org.eclipse.jdt.ui.CompilationUnitEditor" StartDate="2014-10-06 19:30:57.347 CEST" StructureHandle="=cloudDemo/src\/main\/java&amp;lt;hu.evosoft.controller{CloudRedisController.java[CloudRedisController~clearData~QModelMap;" StructureKind="java" NumEvents="2" CreationCount="131"/><InteractionEvent Delta="null" EndDate="2014-10-06 19:38:23.469 CEST" Interest="2.0" Kind="selection" Navigation="null" OriginId="org.eclipse.jdt.ui.PackageExplorer" StartDate="2014-10-06 19:30:55.213 CEST" StructureHandle="=cloudDemo/src\/main\/java&amp;lt;hu.evosoft.controller{CloudRedisController.java[CloudRedisController~clearData~QModelMap;" StructureKind="java" NumEvents="2" CreationCount="131"/><InteractionEvent Delta="null" EndDate="2014-10-06 22:39:26.897 CEST" Interest="2.0" Kind="selection" Navigation="null" OriginId="org.eclipse.jdt.ui.CompilationUnitEditor" StartDate="2014-10-06 22:39:23.707 CEST" StructureHandle="=cloudDemo/src\/main\/java&amp;lt;hu.evosoft.service{CloudRabbitService.java[CloudRabbitService~sendEndSignal" StructureKind="java" NumEvents="2" CreationCount="427"/><InteractionEvent Delta="null" EndDate="2014-10-07 00:11:00.409 CEST" Interest="520.0" Kind="propagation" Navigation="org.eclipse.mylyn.core.model.edges.containment" OriginId="org.eclipse.mylyn.core.model.interest.propagation" StartDate="2014-10-06 18:53:52.499 CEST" StructureHandle="/cloudDemo/src/main/java/hu" StructureKind="resource" NumEvents="523" CreationCount="1"/><InteractionEvent Delta="null" EndDate="2014-10-07 00:03:39.181 CEST" Interest="136.0" Kind="edit" Navigation="null" OriginId="org.eclipse.jdt.ui.CompilationUnitEditor" StartDate="2014-10-06 22:14:02.622 CEST" StructureHandle="=cloudDemo/src\/main\/java&amp;lt;hu.evosoft.service{CloudRedisService.java[CloudRedisService~addNetStatInfo~\[QString;" StructureKind="java" NumEvents="136" CreationCount="293"/><InteractionEvent Delta="null" EndDate="2014-10-07 00:03:07.11 CEST" Interest="24.0" Kind="selection" Navigation="null" OriginId="org.eclipse.jdt.ui.CompilationUnitEditor" StartDate="2014-10-06 22:14:00.361 CEST" StructureHandle="=cloudDemo/src\/main\/java&amp;lt;hu.evosoft.service{CloudRedisService.java[CloudRedisService~addNetStatInfo~\[QString;" StructureKind="java" NumEvents="24" CreationCount="293"/><InteractionEvent Delta="null" EndDate="2014-10-06 22:57:51.721 CEST" Interest="3.0" Kind="edit" Navigation="null" OriginId="com.springsource.sts.config.ui.editors.SpringConfigEditor" StartDate="2014-10-06 19:43:57.734 CEST" StructureHandle="1:BeansModel|2:cloudDemo|3:src/main/webapp/WEB-INF/dispatcher-servlet.xml" StructureKind="spring/beans" NumEvents="3" CreationCount="277"/><InteractionEvent Delta="null" EndDate="2014-10-06 22:57:49.412 CEST" Interest="0.7030003" Kind="manipulation" Navigation="null" OriginId="org.eclipse.mylyn.core.model.interest.decay.correction" StartDate="2014-10-06 22:57:49.412 CEST" StructureHandle="1:BeansModel|2:cloudDemo|3:src/main/webapp/WEB-INF/dispatcher-servlet.xml" StructureKind="spring/beans"/><InteractionEvent Delta="null" EndDate="2014-10-06 23:02:39.157 CEST" Interest="6.0" Kind="selection" Navigation="null" OriginId="org.eclipse.jdt.ui.PackageExplorer" StartDate="2014-10-06 19:43:56.513 CEST" StructureHandle="1:BeansModel|2:cloudDemo|3:src/main/webapp/WEB-INF/dispatcher-servlet.xml" StructureKind="spring/beans" NumEvents="6" CreationCount="277"/><InteractionEvent Delta="null" EndDate="2014-10-06 22:47:17.265 CEST" Interest="30.792" Kind="propagation" Navigation="org.eclipse.mylyn.core.model.edges.containment" OriginId="org.eclipse.mylyn.core.model.interest.propagation" StartDate="2014-10-06 18:54:10.427 CEST" StructureHandle="=cloudDemo/src\/main\/java&amp;lt;hu.evosoft.parser" StructureKind="aspectj" NumEvents="48" CreationCount="12"/><InteractionEvent Delta="null" EndDate="2014-10-06 19:39:51.795 CEST" Interest="3.017" Kind="propagation" Navigation="org.eclipse.mylyn.core.model.edges.containment" OriginId="org.eclipse.mylyn.core.model.interest.propagation" StartDate="2014-10-06 19:38:45.544 CEST" StructureHandle="=cloudDemo/src\/main\/java&amp;lt;hu.evosoft.transfer" StructureKind="aspectj" NumEvents="5" CreationCount="162"/><InteractionEvent Delta="null" EndDate="2014-10-06 22:35:02.296 CEST" Interest="11.0" Kind="propagation" Navigation="null" OriginId="org.eclipse.jdt.ui.CompilationUnitEditor" StartDate="2014-10-06 22:34:19.575 CEST" StructureHandle="/cloudDemo/src/main/java/hu/evosoft/rabbit/SignalType.java" StructureKind="resource" NumEvents="11" CreationCount="373"/><InteractionEvent Delta="null" EndDate="2014-10-06 22:35:02.296 CEST" Interest="11.0" Kind="propagation" Navigation="org.eclipse.mylyn.core.model.edges.containment" OriginId="org.eclipse.mylyn.core.model.interest.propagation" StartDate="2014-10-06 22:34:19.575 CEST" StructureHandle="/cloudDemo/src/main/java/hu/evosoft/rabbit" StructureKind="resource" NumEvents="11" CreationCount="373"/><InteractionEvent Delta="null" EndDate="2014-10-06 19:27:36.95 CEST" Interest="3.0" Kind="edit" Navigation="null" OriginId="org.eclipse.jdt.ui.CompilationUnitEditor" StartDate="2014-10-06 19:27:32.429 CEST" StructureHandle="=cloudDemo/src\/main\/java&amp;lt;hu.evosoft.controller{CloudMongoController.java[CloudMongoController" StructureKind="java" NumEvents="3" CreationCount="77"/><InteractionEvent Delta="null" EndDate="2014-10-06 19:27:29.105 CEST" Interest="2.7" Kind="propagation" Navigation="org.eclipse.mylyn.core.model.edges.containment" OriginId="org.eclipse.mylyn.core.model.interest.propagation" StartDate="2014-10-06 19:19:31.737 CEST" StructureHandle="=cloudDemo/src\/main\/java&amp;lt;hu.evosoft.controller{CloudMongoController.java[CloudMongoController" StructureKind="aspectj" NumEvents="4" CreationCount="77"/><InteractionEvent Delta="null" EndDate="2014-10-06 19:27:29.823 CEST" Interest="1.0" Kind="selection" Navigation="null" OriginId="org.eclipse.jdt.ui.CompilationUnitEditor" StartDate="2014-10-06 19:27:29.823 CEST" StructureHandle="=cloudDemo/src\/main\/java&amp;lt;hu.evosoft.controller{CloudMongoController.java[CloudMongoController" StructureKind="java"/><InteractionEvent Delta="null" EndDate="2014-10-06 19:43:31.926 CEST" Interest="8.0" Kind="edit" Navigation="null" OriginId="org.eclipse.jst.jsp.core.jspsource.source" StartDate="2014-10-06 19:42:19.203 CEST" StructureHandle="/cloudDemo/src/main/webapp/WEB-INF/jsp/mongo.jsp" StructureKind="resource" NumEvents="8" CreationCount="234"/><InteractionEvent Delta="null" EndDate="2014-10-06 19:43:34.449 CEST" Interest="6.0" Kind="selection" Navigation="null" OriginId="org.eclipse.jdt.ui.PackageExplorer" StartDate="2014-10-06 19:42:19.37 CEST" StructureHandle="/cloudDemo/src/main/webapp/WEB-INF/jsp/mongo.jsp" StructureKind="resource" NumEvents="6" CreationCount="234"/><InteractionEvent Delta="null" EndDate="2014-10-07 00:20:38.452 CEST" Interest="94.0" Kind="edit" Navigation="null" OriginId="org.eclipse.jdt.ui.CompilationUnitEditor" StartDate="2014-10-06 18:57:03.523 CEST" StructureHandle="=cloudDemo/src\/main\/java&amp;lt;hu.evosoft.controller{ReadLogsController.java[ReadLogsController~readLogContent~QMultipartFile;~QModelMap;" StructureKind="java" NumEvents="94" CreationCount="31"/><InteractionEvent Delta="null" EndDate="2014-10-06 22:38:35.211 CEST" Interest="3.9580002" Kind="manipulation" Navigation="null" OriginId="org.eclipse.mylyn.core.model.interest.decay.correction" StartDate="2014-10-06 22:38:35.211 CEST" StructureHandle="=cloudDemo/src\/main\/java&amp;lt;hu.evosoft.controller{ReadLogsController.java[ReadLogsController~readLogContent~QMultipartFile;~QModelMap;" StructureKind="java"/><InteractionEvent Delta="null" EndDate="2014-10-07 00:12:12.255 CEST" Interest="7.0" Kind="selection" Navigation="null" OriginId="org.eclipse.jdt.ui.CompilationUnitEditor" StartDate="2014-10-06 18:57:01.379 CEST" StructureHandle="=cloudDemo/src\/main\/java&amp;lt;hu.evosoft.controller{ReadLogsController.java[ReadLogsController~readLogContent~QMultipartFile;~QModelMap;" StructureKind="java" NumEvents="7" CreationCount="31"/></InteractionHistory>